<?xml version="1.0" encoding="UTF-8"?>
<gpx creator="Garmin Connect" version="1.1"
  xsi:schemaLocation="http://www.topografix.com/GPX/1/1 http://www.topografix.com/GPX/11.xsd"
  xmlns:ns3="http://www.garmin.com/xmlschemas/TrackPointExtension/v1"
  xmlns="http://www.topografix.com/GPX/1/1"
  xmlns:xsi="http://www.w3.org/2001/XMLSchema-instance" xmlns:ns2="http://www.garmin.com/xmlschemas/GpxExtensions/v3">
  <metadata>
    <link href="connect.garmin.com">
      <text>Garmin Connect</text>
    </link>
    <time>2026-03-31T07:50:44.000Z</time>
  </metadata>
  <trk>
    <name>Cardinia Fly</name>
    <type>flying</type>
    <trkseg>
      <trkpt lat="-38.14420561306178569793701171875" lon="145.40081405080854892730712890625">
        <ele>7.599999904632568359375</ele>
        <time>2026-03-31T07:50:51.000Z</time>
        <extensions>
          <ns3:TrackPointExtension>
            <ns3:atemp>29.0</ns3:atemp>
            <ns3:hr>146</ns3:hr>
          </ns3:TrackPointExtension>
        </extensions>
      </trkpt>
      <trkpt lat="-38.14421382732689380645751953125" lon="145.40081405080854892730712890625">
        <ele>7.599999904632568359375</ele>
        <time>2026-03-31T07:50:52.000Z</time>
        <extensions>
          <ns3:TrackPointExtension>
            <ns3:atemp>29.0</ns3:atemp>
            <ns3:hr>143</ns3:hr>
          </ns3:TrackPointExtension>
        </extensions>
      </trkpt>
      <trkpt lat="-38.144223801791667938232421875" lon="145.40080147795379161834716796875">
        <ele>7.599999904632568359375</ele>
        <time>2026-03-31T07:50:53.000Z</time>
        <extensions>
          <ns3:TrackPointExtension>
            <ns3:atemp>29.0</ns3:atemp>
            <ns3:hr>138</ns3:hr>
          </ns3:TrackPointExtension>
        </extensions>
      </trkpt>
      <trkpt lat="-38.14422883093357086181640625" lon="145.4008272103965282440185546875">
        <ele>7.599999904632568359375</ele>
        <time>2026-03-31T07:50:56.000Z</time>
        <extensions>
          <ns3:TrackPointExtension>
            <ns3:atemp>29.0</ns3:atemp>
            <ns3:hr>140</ns3:hr>
          </ns3:TrackPointExtension>
        </extensions>
      </trkpt>
      <trkpt lat="-38.14423310570418834686279296875" lon="145.4008359275758266448974609375">
        <ele>7.400000095367431640625</ele>
        <time>2026-03-31T07:50:57.000Z</time>
        <extensions>
          <ns3:TrackPointExtension>
            <ns3:atemp>29.0</ns3:atemp>
            <ns3:hr>141</ns3:hr>
          </ns3:TrackPointExtension>
        </extensions>
      </trkpt>
      <trkpt lat="-38.144238553941249847412109375" lon="145.400836430490016937255859375">
        <ele>7.19999980926513671875</ele>
        <time>2026-03-31T07:50:59.000Z</time>
        <extensions>
          <ns3:TrackPointExtension>
            <ns3:atemp>29.0</ns3:atemp>
            <ns3:hr>146</ns3:hr>
          </ns3:TrackPointExtension>
        </extensions>
      </trkpt>
      <trkpt lat="-38.14420779235661029815673828125" lon="145.4007956944406032562255859375">
        <ele>7.19999980926513671875</ele>
        <time>2026-03-31T07:51:04.000Z</time>
        <extensions>
          <ns3:TrackPointExtension>
            <ns3:atemp>29.0</ns3:atemp>
            <ns3:hr>142</ns3:hr>
          </ns3:TrackPointExtension>
        </extensions>
      </trkpt>
      <trkpt lat="-38.14420402050018310546875" lon="145.400785468518733978271484375">
        <ele>7.19999980926513671875</ele>
        <time>2026-03-31T07:51:05.000Z</time>
        <extensions>
          <ns3:TrackPointExtension>
            <ns3:atemp>29.0</ns3:atemp>
            <ns3:hr>141</ns3:hr>
          </ns3:TrackPointExtension>
        </extensions>
      </trkpt>
      <trkpt lat="-38.14420879818499088287353515625" lon="145.40081455372273921966552734375">
        <ele>7.19999980926513671875</ele>
        <time>2026-03-31T07:51:06.000Z</time>
        <extensions>
          <ns3:TrackPointExtension>
            <ns3:atemp>29.0</ns3:atemp>
            <ns3:hr>144</ns3:hr>
          </ns3:TrackPointExtension>
        </extensions>
      </trkpt>
      <trkpt lat="-38.14421131275594234466552734375" lon="145.400819666683673858642578125">
        <ele>7</ele>
        <time>2026-03-31T07:51:07.000Z</time>
        <extensions>
          <ns3:TrackPointExtension>
            <ns3:atemp>29.0</ns3:atemp>
            <ns3:hr>147</ns3:hr>
          </ns3:TrackPointExtension>
        </extensions>
      </trkpt>
      <trkpt lat="-38.1442095525562763214111328125" lon="145.4008148051798343658447265625">
        <ele>7</ele>
        <time>2026-03-31T07:51:08.000Z</time>
        <extensions>
          <ns3:TrackPointExtension>
            <ns3:atemp>29.0</ns3:atemp>
            <ns3:hr>147</ns3:hr>
          </ns3:TrackPointExtension>
        </extensions>
      </trkpt>
      <trkpt lat="-38.14419974572956562042236328125" lon="145.4007993824779987335205078125">
        <ele>6.80000019073486328125</ele>
        <time>2026-03-31T07:51:11.000Z</time>
        <extensions>
          <ns3:TrackPointExtension>
            <ns3:atemp>29.0</ns3:atemp>
            <ns3:hr>144</ns3:hr>
          </ns3:TrackPointExtension>
        </extensions>
      </trkpt>
      <trkpt lat="-38.14419974572956562042236328125" lon="145.4007993824779987335205078125">
        <ele>7.400000095367431640625</ele>
        <time>2026-03-31T07:51:18.000Z</time>
        <extensions>
          <ns3:TrackPointExtension>
            <ns3:atemp>29.0</ns3:atemp>
            <ns3:hr>144</ns3:hr>
          </ns3:TrackPointExtension>
        </extensions>
      </trkpt>
      <trkpt lat="-38.144200332462787628173828125" lon="145.400800220668315887451171875">
        <ele>7.400000095367431640625</ele>
        <time>2026-03-31T07:51:19.000Z</time>
        <extensions>
          <ns3:TrackPointExtension>
            <ns3:atemp>29.0</ns3:atemp>
            <ns3:hr>145</ns3:hr>
          </ns3:TrackPointExtension>
        </extensions>
      </trkpt>
      <trkpt lat="-38.14418591558933258056640625" lon="145.40081287734210491180419921875">
        <ele>7.400000095367431640625</ele>
        <time>2026-03-31T07:51:21.000Z</time>
        <extensions>
          <ns3:TrackPointExtension>
            <ns3:atemp>29.0</ns3:atemp>
            <ns3:hr>147</ns3:hr>
          </ns3:TrackPointExtension>
        </extensions>
      </trkpt>
      <trkpt lat="-38.14416890032589435577392578125" lon="145.40080449543893337249755859375">
        <ele>7.400000095367431640625</ele>
        <time>2026-03-31T07:51:22.000Z</time>
        <extensions>
          <ns3:TrackPointExtension>
            <ns3:atemp>29.0</ns3:atemp>
            <ns3:hr>150</ns3:hr>
          </ns3:TrackPointExtension>
        </extensions>
      </trkpt>
      <trkpt lat="-38.14413419924676418304443359375" lon="145.40079929865896701812744140625">
        <ele>7.80000019073486328125</ele>
        <time>2026-03-31T07:51:24.000Z</time>
        <extensions>
          <ns3:TrackPointExtension>
            <ns3:atemp>29.0</ns3:atemp>
            <ns3:hr>153</ns3:hr>
          </ns3:TrackPointExtension>
        </extensions>
      </trkpt>
      <trkpt lat="-38.14406177960336208343505859375" lon="145.40079854428768157958984375">
        <ele>8.3999996185302734375</ele>
        <time>2026-03-31T07:51:26.000Z</time>
        <extensions>
          <ns3:TrackPointExtension>
            <ns3:atemp>29.0</ns3:atemp>
            <ns3:hr>155</ns3:hr>
          </ns3:TrackPointExtension>
        </extensions>
      </trkpt>
      <trkpt lat="-38.14395725727081298828125" lon="145.40078605525195598602294921875">
        <ele>10</ele>
        <time>2026-03-31T07:51:28.000Z</time>
        <extensions>
          <ns3:TrackPointExtension>
            <ns3:atemp>29.0</ns3:atemp>
            <ns3:hr>155</ns3:hr>
          </ns3:TrackPointExtension>
        </extensions>
      </trkpt>
      <trkpt lat="-38.14387301914393901824951171875" lon="145.40076292119920253753662109375">
        <ele>10.6000003814697265625</ele>
        <time>2026-03-31T07:51:29.000Z</time>
        <extensions>
          <ns3:TrackPointExtension>
            <ns3:atemp>29.0</ns3:atemp>
            <ns3:hr>154</ns3:hr>
          </ns3:TrackPointExtension>
        </extensions>
      </trkpt>
      <trkpt lat="-38.14379272051155567169189453125" lon="145.4007390327751636505126953125">
        <ele>14.19999980926513671875</ele>
        <time>2026-03-31T07:51:30.000Z</time>
        <extensions>
          <ns3:TrackPointExtension>
            <ns3:atemp>29.0</ns3:atemp>
            <ns3:hr>153</ns3:hr>
          </ns3:TrackPointExtension>
        </extensions>
      </trkpt>
      <trkpt lat="-38.1437091529369354248046875" lon="145.40070869028568267822265625">
        <ele>17.799999237060546875</ele>
        <time>2026-03-31T07:51:31.000Z</time>
        <extensions>
          <ns3:TrackPointExtension>
            <ns3:atemp>29.0</ns3:atemp>
            <ns3:hr>152</ns3:hr>
          </ns3:TrackPointExtension>
        </extensions>
      </trkpt>
      <trkpt lat="-38.14363564364612102508544921875" lon="145.400709025561809539794921875">
        <ele>22</ele>
        <time>2026-03-31T07:51:32.000Z</time>
        <extensions>
          <ns3:TrackPointExtension>
            <ns3:atemp>29.0</ns3:atemp>
            <ns3:hr>152</ns3:hr>
          </ns3:TrackPointExtension>
        </extensions>
      </trkpt>
      <trkpt lat="-38.14356523565948009490966796875" lon="145.40075437165796756744384765625">
        <ele>25.799999237060546875</ele>
        <time>2026-03-31T07:51:33.000Z</time>
        <extensions>
          <ns3:TrackPointExtension>
            <ns3:atemp>29.0</ns3:atemp>
            <ns3:hr>151</ns3:hr>
          </ns3:TrackPointExtension>
        </extensions>
      </trkpt>
      <trkpt lat="-38.14353221096098423004150390625" lon="145.40084682404994964599609375">
        <ele>29.200000762939453125</ele>
        <time>2026-03-31T07:51:34.000Z</time>
        <extensions>
          <ns3:TrackPointExtension>
            <ns3:atemp>29.0</ns3:atemp>
            <ns3:hr>150</ns3:hr>
          </ns3:TrackPointExtension>
        </extensions>
      </trkpt>
      <trkpt lat="-38.1435852684080600738525390625" lon="145.4009733907878398895263671875">
        <ele>32.40000152587890625</ele>
        <time>2026-03-31T07:51:35.000Z</time>
        <extensions>
          <ns3:TrackPointExtension>
            <ns3:atemp>29.0</ns3:atemp>
            <ns3:hr>149</ns3:hr>
          </ns3:TrackPointExtension>
        </extensions>
      </trkpt>
      <trkpt lat="-38.1436415947973728179931640625" lon="145.40106131695210933685302734375">
        <ele>35.40000152587890625</ele>
        <time>2026-03-31T07:51:36.000Z</time>
        <extensions>
          <ns3:TrackPointExtension>
            <ns3:atemp>29.0</ns3:atemp>
            <ns3:hr>148</ns3:hr>
          </ns3:TrackPointExtension>
        </extensions>
      </trkpt>
      <trkpt lat="-38.14369146712124347686767578125" lon="145.401128120720386505126953125">
        <ele>37.200000762939453125</ele>
        <time>2026-03-31T07:51:37.000Z</time>
        <extensions>
          <ns3:TrackPointExtension>
            <ns3:atemp>28.0</ns3:atemp>
            <ns3:hr>148</ns3:hr>
          </ns3:TrackPointExtension>
        </extensions>
      </trkpt>
      <trkpt lat="-38.1437225639820098876953125" lon="145.40118218399584293365478515625">
        <ele>37.59999847412109375</ele>
        <time>2026-03-31T07:51:38.000Z</time>
        <extensions>
          <ns3:TrackPointExtension>
            <ns3:atemp>28.0</ns3:atemp>
            <ns3:hr>148</ns3:hr>
          </ns3:TrackPointExtension>
        </extensions>
      </trkpt>
      <trkpt lat="-38.14373656176030635833740234375" lon="145.40124840103089809417724609375">
        <ele>42.200000762939453125</ele>
        <time>2026-03-31T07:51:39.000Z</time>
        <extensions>
          <ns3:TrackPointExtension>
            <ns3:atemp>28.0</ns3:atemp>
            <ns3:hr>148</ns3:hr>
          </ns3:TrackPointExtension>
        </extensions>
      </trkpt>
      <trkpt lat="-38.14376212656497955322265625" lon="145.401327274739742279052734375">
        <ele>43.799999237060546875</ele>
        <time>2026-03-31T07:51:40.000Z</time>
        <extensions>
          <ns3:TrackPointExtension>
            <ns3:atemp>28.0</ns3:atemp>
            <ns3:hr>147</ns3:hr>
          </ns3:TrackPointExtension>
        </extensions>
      </trkpt>
      <trkpt lat="-38.14380613155663013458251953125" lon="145.40141587145626544952392578125">
        <ele>46</ele>
        <time>2026-03-31T07:51:41.000Z</time>
        <extensions>
          <ns3:TrackPointExtension>
            <ns3:atemp>28.0</ns3:atemp>
            <ns3:hr>148</ns3:hr>
          </ns3:TrackPointExtension>
        </extensions>
      </trkpt>
      <trkpt lat="-38.14389011822640895843505859375" lon="145.4015011154115200042724609375">
        <ele>52.799999237060546875</ele>
        <time>2026-03-31T07:51:42.000Z</time>
        <extensions>
          <ns3:TrackPointExtension>
            <ns3:atemp>28.0</ns3:atemp>
            <ns3:hr>148</ns3:hr>
          </ns3:TrackPointExtension>
        </extensions>
      </trkpt>
      <trkpt lat="-38.14397343434393405914306640625" lon="145.4015623033046722412109375">
        <ele>55.59999847412109375</ele>
        <time>2026-03-31T07:51:43.000Z</time>
        <extensions>
          <ns3:TrackPointExtension>
            <ns3:atemp>28.0</ns3:atemp>
            <ns3:hr>149</ns3:hr>
          </ns3:TrackPointExtension>
        </extensions>
      </trkpt>
      <trkpt lat="-38.14407384954392910003662109375" lon="145.40158233605325222015380859375">
        <ele>58.40000152587890625</ele>
        <time>2026-03-31T07:51:44.000Z</time>
        <extensions>
          <ns3:TrackPointExtension>
            <ns3:atemp>28.0</ns3:atemp>
            <ns3:hr>150</ns3:hr>
          </ns3:TrackPointExtension>
        </extensions>
      </trkpt>
      <trkpt lat="-38.14416110515594482421875" lon="145.40159742347896099090576171875">
        <ele>60</ele>
        <time>2026-03-31T07:51:45.000Z</time>
        <extensions>
          <ns3:TrackPointExtension>
            <ns3:atemp>28.0</ns3:atemp>
            <ns3:hr>150</ns3:hr>
          </ns3:TrackPointExtension>
        </extensions>
      </trkpt>
      <trkpt lat="-38.1442531384527683258056640625" lon="145.4016023688018321990966796875">
        <ele>61.200000762939453125</ele>
        <time>2026-03-31T07:51:46.000Z</time>
        <extensions>
          <ns3:TrackPointExtension>
            <ns3:atemp>28.0</ns3:atemp>
            <ns3:hr>149</ns3:hr>
          </ns3:TrackPointExtension>
        </extensions>
      </trkpt>
      <trkpt lat="-38.1443547271192073822021484375" lon="145.40163782425224781036376953125">
        <ele>62.799999237060546875</ele>
        <time>2026-03-31T07:51:47.000Z</time>
        <extensions>
          <ns3:TrackPointExtension>
            <ns3:atemp>28.0</ns3:atemp>
            <ns3:hr>148</ns3:hr>
          </ns3:TrackPointExtension>
        </extensions>
      </trkpt>
      <trkpt lat="-38.1444690562784671783447265625" lon="145.4016647301614284515380859375">
        <ele>65.59999847412109375</ele>
        <time>2026-03-31T07:51:48.000Z</time>
        <extensions>
          <ns3:TrackPointExtension>
            <ns3:atemp>28.0</ns3:atemp>
            <ns3:hr>148</ns3:hr>
          </ns3:TrackPointExtension>
        </extensions>
      </trkpt>
      <trkpt lat="-38.1445917673408985137939453125" lon="145.40168375708162784576416015625">
        <ele>67.8000030517578125</ele>
        <time>2026-03-31T07:51:49.000Z</time>
        <extensions>
          <ns3:TrackPointExtension>
            <ns3:atemp>28.0</ns3:atemp>
            <ns3:hr>147</ns3:hr>
          </ns3:TrackPointExtension>
        </extensions>
      </trkpt>
      <trkpt lat="-38.14471053890883922576904296875" lon="145.401664562523365020751953125">
        <ele>70.40000152587890625</ele>
        <time>2026-03-31T07:51:50.000Z</time>
        <extensions>
          <ns3:TrackPointExtension>
            <ns3:atemp>28.0</ns3:atemp>
            <ns3:hr>143</ns3:hr>
          </ns3:TrackPointExtension>
        </extensions>
      </trkpt>
      <trkpt lat="-38.1448143906891345977783203125" lon="145.40161251090466976165771484375">
        <ele>73.59999847412109375</ele>
        <time>2026-03-31T07:51:51.000Z</time>
        <extensions>
          <ns3:TrackPointExtension>
            <ns3:atemp>28.0</ns3:atemp>
            <ns3:hr>137</ns3:hr>
          </ns3:TrackPointExtension>
        </extensions>
      </trkpt>
      <trkpt lat="-38.1449008919298648834228515625" lon="145.4015366546809673309326171875">
        <ele>76.40000152587890625</ele>
        <time>2026-03-31T07:51:52.000Z</time>
        <extensions>
          <ns3:TrackPointExtension>
            <ns3:atemp>28.0</ns3:atemp>
            <ns3:hr>134</ns3:hr>
          </ns3:TrackPointExtension>
        </extensions>
      </trkpt>
      <trkpt lat="-38.14497624523937702178955078125" lon="145.40146482177078723907470703125">
        <ele>78</ele>
        <time>2026-03-31T07:51:53.000Z</time>
        <extensions>
          <ns3:TrackPointExtension>
            <ns3:atemp>28.0</ns3:atemp>
            <ns3:hr>134</ns3:hr>
          </ns3:TrackPointExtension>
        </extensions>
      </trkpt>
      <trkpt lat="-38.14504246227443218231201171875" lon="145.40138821117579936981201171875">
        <ele>79.59999847412109375</ele>
        <time>2026-03-31T07:51:54.000Z</time>
        <extensions>
          <ns3:TrackPointExtension>
            <ns3:atemp>28.0</ns3:atemp>
            <ns3:hr>133</ns3:hr>
          </ns3:TrackPointExtension>
        </extensions>
      </trkpt>
      <trkpt lat="-38.145100884139537811279296875" lon="145.40129919536411762237548828125">
        <ele>81.8000030517578125</ele>
        <time>2026-03-31T07:51:55.000Z</time>
        <extensions>
          <ns3:TrackPointExtension>
            <ns3:atemp>28.0</ns3:atemp>
            <ns3:hr>133</ns3:hr>
          </ns3:TrackPointExtension>
        </extensions>
      </trkpt>
      <trkpt lat="-38.145146481692790985107421875" lon="145.40117933414876461029052734375">
        <ele>84.40000152587890625</ele>
        <time>2026-03-31T07:51:56.000Z</time>
        <extensions>
          <ns3:TrackPointExtension>
            <ns3:atemp>28.0</ns3:atemp>
            <ns3:hr>132</ns3:hr>
          </ns3:TrackPointExtension>
        </extensions>
      </trkpt>
      <trkpt lat="-38.145185373723506927490234375" lon="145.40105603635311126708984375">
        <ele>87.59999847412109375</ele>
        <time>2026-03-31T07:51:57.000Z</time>
        <extensions>
          <ns3:TrackPointExtension>
            <ns3:atemp>28.0</ns3:atemp>
            <ns3:hr>132</ns3:hr>
          </ns3:TrackPointExtension>
        </extensions>
      </trkpt>
      <trkpt lat="-38.14520942978560924530029296875" lon="145.40093441493809223175048828125">
        <ele>90.8000030517578125</ele>
        <time>2026-03-31T07:51:58.000Z</time>
        <extensions>
          <ns3:TrackPointExtension>
            <ns3:atemp>28.0</ns3:atemp>
            <ns3:hr>131</ns3:hr>
          </ns3:TrackPointExtension>
        </extensions>
      </trkpt>
      <trkpt lat="-38.14521412365138530731201171875" lon="145.40082863532006740570068359375">
        <ele>93.59999847412109375</ele>
        <time>2026-03-31T07:51:59.000Z</time>
        <extensions>
          <ns3:TrackPointExtension>
            <ns3:atemp>28.0</ns3:atemp>
            <ns3:hr>131</ns3:hr>
          </ns3:TrackPointExtension>
        </extensions>
      </trkpt>
      <trkpt lat="-38.14521328546106815338134765625" lon="145.40073626674711704254150390625">
        <ele>95.8000030517578125</ele>
        <time>2026-03-31T07:52:00.000Z</time>
        <extensions>
          <ns3:TrackPointExtension>
            <ns3:atemp>28.0</ns3:atemp>
            <ns3:hr>131</ns3:hr>
          </ns3:TrackPointExtension>
        </extensions>
      </trkpt>
      <trkpt lat="-38.14520523883402347564697265625" lon="145.40064943023025989532470703125">
        <ele>97.40000152587890625</ele>
        <time>2026-03-31T07:52:01.000Z</time>
        <extensions>
          <ns3:TrackPointExtension>
            <ns3:atemp>28.0</ns3:atemp>
            <ns3:hr>131</ns3:hr>
          </ns3:TrackPointExtension>
        </extensions>
      </trkpt>
      <trkpt lat="-38.14519518055021762847900390625" lon="145.40055555291473865509033203125">
        <ele>99.1999969482421875</ele>
        <time>2026-03-31T07:52:02.000Z</time>
        <extensions>
          <ns3:TrackPointExtension>
            <ns3:atemp>28.0</ns3:atemp>
            <ns3:hr>131</ns3:hr>
          </ns3:TrackPointExtension>
        </extensions>
      </trkpt>
      <trkpt lat="-38.1451768241822719573974609375" lon="145.4004627652466297149658203125">
        <ele>100.59999847412109375</ele>
        <time>2026-03-31T07:52:03.000Z</time>
        <extensions>
          <ns3:TrackPointExtension>
            <ns3:atemp>28.0</ns3:atemp>
            <ns3:hr>130</ns3:hr>
          </ns3:TrackPointExtension>
        </extensions>
      </trkpt>
      <trkpt lat="-38.1451483257114887237548828125" lon="145.40038456209003925323486328125">
        <ele>102.1999969482421875</ele>
        <time>2026-03-31T07:52:04.000Z</time>
        <extensions>
          <ns3:TrackPointExtension>
            <ns3:atemp>28.0</ns3:atemp>
            <ns3:hr>131</ns3:hr>
          </ns3:TrackPointExtension>
        </extensions>
      </trkpt>
      <trkpt lat="-38.14510532654821872711181640625" lon="145.400317423045635223388671875">
        <ele>105.1999969482421875</ele>
        <time>2026-03-31T07:52:05.000Z</time>
        <extensions>
          <ns3:TrackPointExtension>
            <ns3:atemp>28.0</ns3:atemp>
            <ns3:hr>131</ns3:hr>
          </ns3:TrackPointExtension>
        </extensions>
      </trkpt>
      <trkpt lat="-38.145057298243045806884765625" lon="145.40026419796049594879150390625">
        <ele>108.8000030517578125</ele>
        <time>2026-03-31T07:52:06.000Z</time>
        <extensions>
          <ns3:TrackPointExtension>
            <ns3:atemp>28.0</ns3:atemp>
            <ns3:hr>133</ns3:hr>
          </ns3:TrackPointExtension>
        </extensions>
      </trkpt>
      <trkpt lat="-38.1450140476226806640625" lon="145.4002180136740207672119140625">
        <ele>112</ele>
        <time>2026-03-31T07:52:07.000Z</time>
        <extensions>
          <ns3:TrackPointExtension>
            <ns3:atemp>28.0</ns3:atemp>
            <ns3:hr>136</ns3:hr>
          </ns3:TrackPointExtension>
        </extensions>
      </trkpt>
      <trkpt lat="-38.14496920444071292877197265625" lon="145.4001630283892154693603515625">
        <ele>113.40000152587890625</ele>
        <time>2026-03-31T07:52:08.000Z</time>
        <extensions>
          <ns3:TrackPointExtension>
            <ns3:atemp>28.0</ns3:atemp>
            <ns3:hr>136</ns3:hr>
          </ns3:TrackPointExtension>
        </extensions>
      </trkpt>
      <trkpt lat="-38.14493115060031414031982421875" lon="145.40011064149439334869384765625">
        <ele>114.59999847412109375</ele>
        <time>2026-03-31T07:52:09.000Z</time>
        <extensions>
          <ns3:TrackPointExtension>
            <ns3:atemp>28.0</ns3:atemp>
            <ns3:hr>134</ns3:hr>
          </ns3:TrackPointExtension>
        </extensions>
      </trkpt>
      <trkpt lat="-38.1448935158550739288330078125" lon="145.400059930980205535888671875">
        <ele>116</ele>
        <time>2026-03-31T07:52:10.000Z</time>
        <extensions>
          <ns3:TrackPointExtension>
            <ns3:atemp>28.0</ns3:atemp>
            <ns3:hr>133</ns3:hr>
          </ns3:TrackPointExtension>
        </extensions>
      </trkpt>
      <trkpt lat="-38.144809193909168243408203125" lon="145.39997803978621959686279296875">
        <ele>119.1999969482421875</ele>
        <time>2026-03-31T07:52:12.000Z</time>
        <extensions>
          <ns3:TrackPointExtension>
            <ns3:atemp>28.0</ns3:atemp>
            <ns3:hr>132</ns3:hr>
          </ns3:TrackPointExtension>
        </extensions>
      </trkpt>
      <trkpt lat="-38.14475077204406261444091796875" lon="145.399931855499744415283203125">
        <ele>121.59999847412109375</ele>
        <time>2026-03-31T07:52:13.000Z</time>
        <extensions>
          <ns3:TrackPointExtension>
            <ns3:atemp>28.0</ns3:atemp>
            <ns3:hr>133</ns3:hr>
          </ns3:TrackPointExtension>
        </extensions>
      </trkpt>
      <trkpt lat="-38.14471623860299587249755859375" lon="145.399880893528461456298828125">
        <ele>124.1999969482421875</ele>
        <time>2026-03-31T07:52:14.000Z</time>
        <extensions>
          <ns3:TrackPointExtension>
            <ns3:atemp>28.0</ns3:atemp>
            <ns3:hr>134</ns3:hr>
          </ns3:TrackPointExtension>
        </extensions>
      </trkpt>
      <trkpt lat="-38.144667036831378936767578125" lon="145.3998260758817195892333984375">
        <ele>125.8000030517578125</ele>
        <time>2026-03-31T07:52:15.000Z</time>
        <extensions>
          <ns3:TrackPointExtension>
            <ns3:atemp>28.0</ns3:atemp>
            <ns3:hr>135</ns3:hr>
          </ns3:TrackPointExtension>
        </extensions>
      </trkpt>
      <trkpt lat="-38.1445750035345554351806640625" lon="145.3997238166630268096923828125">
        <ele>127.59999847412109375</ele>
        <time>2026-03-31T07:52:17.000Z</time>
        <extensions>
          <ns3:TrackPointExtension>
            <ns3:atemp>28.0</ns3:atemp>
            <ns3:hr>136</ns3:hr>
          </ns3:TrackPointExtension>
        </extensions>
      </trkpt>
      <trkpt lat="-38.144526220858097076416015625" lon="145.399685092270374298095703125">
        <ele>129</ele>
        <time>2026-03-31T07:52:18.000Z</time>
        <extensions>
          <ns3:TrackPointExtension>
            <ns3:atemp>28.0</ns3:atemp>
            <ns3:hr>136</ns3:hr>
          </ns3:TrackPointExtension>
        </extensions>
      </trkpt>
      <trkpt lat="-38.14447601325809955596923828125" lon="145.3996493853628635406494140625">
        <ele>131.1999969482421875</ele>
        <time>2026-03-31T07:52:19.000Z</time>
        <extensions>
          <ns3:TrackPointExtension>
            <ns3:atemp>28.0</ns3:atemp>
            <ns3:hr>136</ns3:hr>
          </ns3:TrackPointExtension>
        </extensions>
      </trkpt>
      <trkpt lat="-38.1444254703819751739501953125" lon="145.39961242116987705230712890625">
        <ele>132.399993896484375</ele>
        <time>2026-03-31T07:52:20.000Z</time>
        <extensions>
          <ns3:TrackPointExtension>
            <ns3:atemp>28.0</ns3:atemp>
            <ns3:hr>136</ns3:hr>
          </ns3:TrackPointExtension>
        </extensions>
      </trkpt>
      <trkpt lat="-38.14437769353389739990234375" lon="145.3995729424059391021728515625">
        <ele>134.399993896484375</ele>
        <time>2026-03-31T07:52:21.000Z</time>
        <extensions>
          <ns3:TrackPointExtension>
            <ns3:atemp>28.0</ns3:atemp>
            <ns3:hr>137</ns3:hr>
          </ns3:TrackPointExtension>
        </extensions>
      </trkpt>
      <trkpt lat="-38.1443359516561031341552734375" lon="145.39953212253749370574951171875">
        <ele>136.399993896484375</ele>
        <time>2026-03-31T07:52:22.000Z</time>
        <extensions>
          <ns3:TrackPointExtension>
            <ns3:atemp>28.0</ns3:atemp>
            <ns3:hr>138</ns3:hr>
          </ns3:TrackPointExtension>
        </extensions>
      </trkpt>
      <trkpt lat="-38.1442816369235515594482421875" lon="145.3995028696954250335693359375">
        <ele>137.8000030517578125</ele>
        <time>2026-03-31T07:52:23.000Z</time>
        <extensions>
          <ns3:TrackPointExtension>
            <ns3:atemp>28.0</ns3:atemp>
            <ns3:hr>140</ns3:hr>
          </ns3:TrackPointExtension>
        </extensions>
      </trkpt>
      <trkpt lat="-38.14423427917063236236572265625" lon="145.3994649834930896759033203125">
        <ele>139</ele>
        <time>2026-03-31T07:52:24.000Z</time>
        <extensions>
          <ns3:TrackPointExtension>
            <ns3:atemp>28.0</ns3:atemp>
            <ns3:hr>142</ns3:hr>
          </ns3:TrackPointExtension>
        </extensions>
      </trkpt>
      <trkpt lat="-38.1441763602197170257568359375" lon="145.399439334869384765625">
        <ele>140.8000030517578125</ele>
        <time>2026-03-31T07:52:25.000Z</time>
        <extensions>
          <ns3:TrackPointExtension>
            <ns3:atemp>28.0</ns3:atemp>
            <ns3:hr>146</ns3:hr>
          </ns3:TrackPointExtension>
        </extensions>
      </trkpt>
      <trkpt lat="-38.144067227840423583984375" lon="145.3993637301027774810791015625">
        <ele>142.600006103515625</ele>
        <time>2026-03-31T07:52:27.000Z</time>
        <extensions>
          <ns3:TrackPointExtension>
            <ns3:atemp>28.0</ns3:atemp>
            <ns3:hr>150</ns3:hr>
          </ns3:TrackPointExtension>
        </extensions>
      </trkpt>
      <trkpt lat="-38.14396438188850879669189453125" lon="145.39929893799126148223876953125">
        <ele>144.1999969482421875</ele>
        <time>2026-03-31T07:52:29.000Z</time>
        <extensions>
          <ns3:TrackPointExtension>
            <ns3:atemp>28.0</ns3:atemp>
            <ns3:hr>151</ns3:hr>
          </ns3:TrackPointExtension>
        </extensions>
      </trkpt>
      <trkpt lat="-38.14391140826046466827392578125" lon="145.399261303246021270751953125">
        <ele>145.600006103515625</ele>
        <time>2026-03-31T07:52:30.000Z</time>
        <extensions>
          <ns3:TrackPointExtension>
            <ns3:atemp>28.0</ns3:atemp>
            <ns3:hr>151</ns3:hr>
          </ns3:TrackPointExtension>
        </extensions>
      </trkpt>
      <trkpt lat="-38.14385876990854740142822265625" lon="145.39922987110912799835205078125">
        <ele>146.8000030517578125</ele>
        <time>2026-03-31T07:52:31.000Z</time>
        <extensions>
          <ns3:TrackPointExtension>
            <ns3:atemp>28.0</ns3:atemp>
            <ns3:hr>151</ns3:hr>
          </ns3:TrackPointExtension>
        </extensions>
      </trkpt>
      <trkpt lat="-38.1438115797936916351318359375" lon="145.3992027975618839263916015625">
        <ele>148</ele>
        <time>2026-03-31T07:52:32.000Z</time>
        <extensions>
          <ns3:TrackPointExtension>
            <ns3:atemp>28.0</ns3:atemp>
            <ns3:hr>152</ns3:hr>
          </ns3:TrackPointExtension>
        </extensions>
      </trkpt>
      <trkpt lat="-38.143762461841106414794921875" lon="145.39916574954986572265625">
        <ele>149.1999969482421875</ele>
        <time>2026-03-31T07:52:33.000Z</time>
        <extensions>
          <ns3:TrackPointExtension>
            <ns3:atemp>28.0</ns3:atemp>
            <ns3:hr>153</ns3:hr>
          </ns3:TrackPointExtension>
        </extensions>
      </trkpt>
      <trkpt lat="-38.143665231764316558837890625" lon="145.39910598658025264739990234375">
        <ele>151</ele>
        <time>2026-03-31T07:52:35.000Z</time>
        <extensions>
          <ns3:TrackPointExtension>
            <ns3:atemp>28.0</ns3:atemp>
            <ns3:hr>156</ns3:hr>
          </ns3:TrackPointExtension>
        </extensions>
      </trkpt>
      <trkpt lat="-38.14361150376498699188232421875" lon="145.3990800864994525909423828125">
        <ele>153</ele>
        <time>2026-03-31T07:52:36.000Z</time>
        <extensions>
          <ns3:TrackPointExtension>
            <ns3:atemp>28.0</ns3:atemp>
            <ns3:hr>156</ns3:hr>
          </ns3:TrackPointExtension>
        </extensions>
      </trkpt>
      <trkpt lat="-38.143554590642452239990234375" lon="145.39903809316456317901611328125">
        <ele>155.399993896484375</ele>
        <time>2026-03-31T07:52:37.000Z</time>
        <extensions>
          <ns3:TrackPointExtension>
            <ns3:atemp>28.0</ns3:atemp>
            <ns3:hr>157</ns3:hr>
          </ns3:TrackPointExtension>
        </extensions>
      </trkpt>
      <trkpt lat="-38.14349566586315631866455078125" lon="145.39899836294353008270263671875">
        <ele>158</ele>
        <time>2026-03-31T07:52:38.000Z</time>
        <extensions>
          <ns3:TrackPointExtension>
            <ns3:atemp>28.0</ns3:atemp>
            <ns3:hr>156</ns3:hr>
          </ns3:TrackPointExtension>
        </extensions>
      </trkpt>
      <trkpt lat="-38.14344990067183971405029296875" lon="145.3989694453775882720947265625">
        <ele>159</ele>
        <time>2026-03-31T07:52:39.000Z</time>
        <extensions>
          <ns3:TrackPointExtension>
            <ns3:atemp>28.0</ns3:atemp>
            <ns3:hr>156</ns3:hr>
          </ns3:TrackPointExtension>
        </extensions>
      </trkpt>
      <trkpt lat="-38.14340061508119106292724609375" lon="145.39893851615488529205322265625">
        <ele>160.399993896484375</ele>
        <time>2026-03-31T07:52:40.000Z</time>
        <extensions>
          <ns3:TrackPointExtension>
            <ns3:atemp>28.0</ns3:atemp>
            <ns3:hr>156</ns3:hr>
          </ns3:TrackPointExtension>
        </extensions>
      </trkpt>
      <trkpt lat="-38.14335250295698642730712890625" lon="145.39891504682600498199462890625">
        <ele>161</ele>
        <time>2026-03-31T07:52:41.000Z</time>
        <extensions>
          <ns3:TrackPointExtension>
            <ns3:atemp>28.0</ns3:atemp>
            <ns3:hr>156</ns3:hr>
          </ns3:TrackPointExtension>
        </extensions>
      </trkpt>
      <trkpt lat="-38.14330279827117919921875" lon="145.39887749589979648590087890625">
        <ele>162.600006103515625</ele>
        <time>2026-03-31T07:52:42.000Z</time>
        <extensions>
          <ns3:TrackPointExtension>
            <ns3:atemp>28.0</ns3:atemp>
            <ns3:hr>156</ns3:hr>
          </ns3:TrackPointExtension>
        </extensions>
      </trkpt>
      <trkpt lat="-38.14325376413762569427490234375" lon="145.39883474819362163543701171875">
        <ele>164.399993896484375</ele>
        <time>2026-03-31T07:52:43.000Z</time>
        <extensions>
          <ns3:TrackPointExtension>
            <ns3:atemp>28.0</ns3:atemp>
            <ns3:hr>155</ns3:hr>
          </ns3:TrackPointExtension>
        </extensions>
      </trkpt>
      <trkpt lat="-38.14320498146116733551025390625" lon="145.3987803496420383453369140625">
        <ele>166.1999969482421875</ele>
        <time>2026-03-31T07:52:44.000Z</time>
        <extensions>
          <ns3:TrackPointExtension>
            <ns3:atemp>28.0</ns3:atemp>
            <ns3:hr>155</ns3:hr>
          </ns3:TrackPointExtension>
        </extensions>
      </trkpt>
      <trkpt lat="-38.1431655026972293853759765625" lon="145.3987277112901210784912109375">
        <ele>168.1999969482421875</ele>
        <time>2026-03-31T07:52:45.000Z</time>
        <extensions>
          <ns3:TrackPointExtension>
            <ns3:atemp>28.0</ns3:atemp>
            <ns3:hr>154</ns3:hr>
          </ns3:TrackPointExtension>
        </extensions>
      </trkpt>
      <trkpt lat="-38.1431232579052448272705078125" lon="145.398675240576267242431640625">
        <ele>169</ele>
        <time>2026-03-31T07:52:46.000Z</time>
        <extensions>
          <ns3:TrackPointExtension>
            <ns3:atemp>28.0</ns3:atemp>
            <ns3:hr>153</ns3:hr>
          </ns3:TrackPointExtension>
        </extensions>
      </trkpt>
      <trkpt lat="-38.14308512024581432342529296875" lon="145.39861346594989299774169921875">
        <ele>171.1999969482421875</ele>
        <time>2026-03-31T07:52:47.000Z</time>
        <extensions>
          <ns3:TrackPointExtension>
            <ns3:atemp>28.0</ns3:atemp>
            <ns3:hr>149</ns3:hr>
          </ns3:TrackPointExtension>
        </extensions>
      </trkpt>
      <trkpt lat="-38.14303516410291194915771484375" lon="145.398551188409328460693359375">
        <ele>172.8000030517578125</ele>
        <time>2026-03-31T07:52:48.000Z</time>
        <extensions>
          <ns3:TrackPointExtension>
            <ns3:atemp>28.0</ns3:atemp>
            <ns3:hr>146</ns3:hr>
          </ns3:TrackPointExtension>
        </extensions>
      </trkpt>
      <trkpt lat="-38.142990656197071075439453125" lon="145.39849075488746166229248046875">
        <ele>174.399993896484375</ele>
        <time>2026-03-31T07:52:49.000Z</time>
        <extensions>
          <ns3:TrackPointExtension>
            <ns3:atemp>28.0</ns3:atemp>
            <ns3:hr>145</ns3:hr>
          </ns3:TrackPointExtension>
        </extensions>
      </trkpt>
      <trkpt lat="-38.14294899813830852508544921875" lon="145.39841297082602977752685546875">
        <ele>176</ele>
        <time>2026-03-31T07:52:50.000Z</time>
        <extensions>
          <ns3:TrackPointExtension>
            <ns3:atemp>28.0</ns3:atemp>
            <ns3:hr>143</ns3:hr>
          </ns3:TrackPointExtension>
        </extensions>
      </trkpt>
      <trkpt lat="-38.14290625043213367462158203125" lon="145.39834189228713512420654296875">
        <ele>177.1999969482421875</ele>
        <time>2026-03-31T07:52:51.000Z</time>
        <extensions>
          <ns3:TrackPointExtension>
            <ns3:atemp>28.0</ns3:atemp>
            <ns3:hr>137</ns3:hr>
          </ns3:TrackPointExtension>
        </extensions>
      </trkpt>
      <trkpt lat="-38.14286216162145137786865234375" lon="145.3982737474143505096435546875">
        <ele>178.8000030517578125</ele>
        <time>2026-03-31T07:52:52.000Z</time>
        <extensions>
          <ns3:TrackPointExtension>
            <ns3:atemp>28.0</ns3:atemp>
            <ns3:hr>135</ns3:hr>
          </ns3:TrackPointExtension>
        </extensions>
      </trkpt>
      <trkpt lat="-38.14282829873263835906982421875" lon="145.398199819028377532958984375">
        <ele>180.399993896484375</ele>
        <time>2026-03-31T07:52:53.000Z</time>
        <extensions>
          <ns3:TrackPointExtension>
            <ns3:atemp>28.0</ns3:atemp>
            <ns3:hr>135</ns3:hr>
          </ns3:TrackPointExtension>
        </extensions>
      </trkpt>
      <trkpt lat="-38.142788819968700408935546875" lon="145.39811901748180389404296875">
        <ele>181.8000030517578125</ele>
        <time>2026-03-31T07:52:54.000Z</time>
        <extensions>
          <ns3:TrackPointExtension>
            <ns3:atemp>28.0</ns3:atemp>
            <ns3:hr>134</ns3:hr>
          </ns3:TrackPointExtension>
        </extensions>
      </trkpt>
      <trkpt lat="-38.14275386743247509002685546875" lon="145.3980367071926593780517578125">
        <ele>184.1999969482421875</ele>
        <time>2026-03-31T07:52:55.000Z</time>
        <extensions>
          <ns3:TrackPointExtension>
            <ns3:atemp>28.0</ns3:atemp>
            <ns3:hr>134</ns3:hr>
          </ns3:TrackPointExtension>
        </extensions>
      </trkpt>
      <trkpt lat="-38.142713718116283416748046875" lon="145.397963114082813262939453125">
        <ele>185.8000030517578125</ele>
        <time>2026-03-31T07:52:56.000Z</time>
        <extensions>
          <ns3:TrackPointExtension>
            <ns3:atemp>28.0</ns3:atemp>
            <ns3:hr>134</ns3:hr>
          </ns3:TrackPointExtension>
        </extensions>
      </trkpt>
      <trkpt lat="-38.142677843570709228515625" lon="145.3979019261896610260009765625">
        <ele>187.1999969482421875</ele>
        <time>2026-03-31T07:52:57.000Z</time>
        <extensions>
          <ns3:TrackPointExtension>
            <ns3:atemp>28.0</ns3:atemp>
            <ns3:hr>135</ns3:hr>
          </ns3:TrackPointExtension>
        </extensions>
      </trkpt>
      <trkpt lat="-38.1426330842077732086181640625" lon="145.397829003632068634033203125">
        <ele>189.600006103515625</ele>
        <time>2026-03-31T07:52:58.000Z</time>
        <extensions>
          <ns3:TrackPointExtension>
            <ns3:atemp>28.0</ns3:atemp>
            <ns3:hr>135</ns3:hr>
          </ns3:TrackPointExtension>
        </extensions>
      </trkpt>
      <trkpt lat="-38.14259729348123073577880859375" lon="145.39775515906512737274169921875">
        <ele>192</ele>
        <time>2026-03-31T07:52:59.000Z</time>
        <extensions>
          <ns3:TrackPointExtension>
            <ns3:atemp>28.0</ns3:atemp>
            <ns3:hr>135</ns3:hr>
          </ns3:TrackPointExtension>
        </extensions>
      </trkpt>
      <trkpt lat="-38.14255974255502223968505859375" lon="145.39768525399267673492431640625">
        <ele>194.600006103515625</ele>
        <time>2026-03-31T07:53:00.000Z</time>
        <extensions>
          <ns3:TrackPointExtension>
            <ns3:atemp>28.0</ns3:atemp>
            <ns3:hr>135</ns3:hr>
          </ns3:TrackPointExtension>
        </extensions>
      </trkpt>
      <trkpt lat="-38.14247491769492626190185546875" lon="145.3975461982190608978271484375">
        <ele>196</ele>
        <time>2026-03-31T07:53:02.000Z</time>
        <extensions>
          <ns3:TrackPointExtension>
            <ns3:atemp>28.0</ns3:atemp>
            <ns3:hr>138</ns3:hr>
          </ns3:TrackPointExtension>
        </extensions>
      </trkpt>
      <trkpt lat="-38.1424392946064472198486328125" lon="145.39749196730554103851318359375">
        <ele>196.8000030517578125</ele>
        <time>2026-03-31T07:53:03.000Z</time>
        <extensions>
          <ns3:TrackPointExtension>
            <ns3:atemp>28.0</ns3:atemp>
            <ns3:hr>139</ns3:hr>
          </ns3:TrackPointExtension>
        </extensions>
      </trkpt>
      <trkpt lat="-38.1424020789563655853271484375" lon="145.3974368982017040252685546875">
        <ele>197.399993896484375</ele>
        <time>2026-03-31T07:53:04.000Z</time>
        <extensions>
          <ns3:TrackPointExtension>
            <ns3:atemp>28.0</ns3:atemp>
            <ns3:hr>140</ns3:hr>
          </ns3:TrackPointExtension>
        </extensions>
      </trkpt>
      <trkpt lat="-38.142369054257869720458984375" lon="145.39737612940371036529541015625">
        <ele>198.600006103515625</ele>
        <time>2026-03-31T07:53:05.000Z</time>
        <extensions>
          <ns3:TrackPointExtension>
            <ns3:atemp>28.0</ns3:atemp>
            <ns3:hr>140</ns3:hr>
          </ns3:TrackPointExtension>
        </extensions>
      </trkpt>
      <trkpt lat="-38.14233519136905670166015625" lon="145.3973168693482875823974609375">
        <ele>199.8000030517578125</ele>
        <time>2026-03-31T07:53:06.000Z</time>
        <extensions>
          <ns3:TrackPointExtension>
            <ns3:atemp>28.0</ns3:atemp>
            <ns3:hr>140</ns3:hr>
          </ns3:TrackPointExtension>
        </extensions>
      </trkpt>
      <trkpt lat="-38.14230124466121196746826171875" lon="145.3972524963319301605224609375">
        <ele>200.8000030517578125</ele>
        <time>2026-03-31T07:53:07.000Z</time>
        <extensions>
          <ns3:TrackPointExtension>
            <ns3:atemp>28.0</ns3:atemp>
            <ns3:hr>140</ns3:hr>
          </ns3:TrackPointExtension>
        </extensions>
      </trkpt>
      <trkpt lat="-38.1422666274011135101318359375" lon="145.397185944020748138427734375">
        <ele>202</ele>
        <time>2026-03-31T07:53:08.000Z</time>
        <extensions>
          <ns3:TrackPointExtension>
            <ns3:atemp>28.0</ns3:atemp>
            <ns3:hr>140</ns3:hr>
          </ns3:TrackPointExtension>
        </extensions>
      </trkpt>
      <trkpt lat="-38.14222647808492183685302734375" lon="145.39712936617434024810791015625">
        <ele>203.399993896484375</ele>
        <time>2026-03-31T07:53:09.000Z</time>
        <extensions>
          <ns3:TrackPointExtension>
            <ns3:atemp>28.0</ns3:atemp>
            <ns3:hr>140</ns3:hr>
          </ns3:TrackPointExtension>
        </extensions>
      </trkpt>
      <trkpt lat="-38.142187334597110748291015625" lon="145.39707991294562816619873046875">
        <ele>204.8000030517578125</ele>
        <time>2026-03-31T07:53:10.000Z</time>
        <extensions>
          <ns3:TrackPointExtension>
            <ns3:atemp>28.0</ns3:atemp>
            <ns3:hr>139</ns3:hr>
          </ns3:TrackPointExtension>
        </extensions>
      </trkpt>
      <trkpt lat="-38.142147101461887359619140625" lon="145.39702626876533031463623046875">
        <ele>206</ele>
        <time>2026-03-31T07:53:11.000Z</time>
        <extensions>
          <ns3:TrackPointExtension>
            <ns3:atemp>28.0</ns3:atemp>
            <ns3:hr>140</ns3:hr>
          </ns3:TrackPointExtension>
        </extensions>
      </trkpt>
      <trkpt lat="-38.1421070359647274017333984375" lon="145.39696742780506610870361328125">
        <ele>207.8000030517578125</ele>
        <time>2026-03-31T07:53:12.000Z</time>
        <extensions>
          <ns3:TrackPointExtension>
            <ns3:atemp>28.0</ns3:atemp>
            <ns3:hr>140</ns3:hr>
          </ns3:TrackPointExtension>
        </extensions>
      </trkpt>
      <trkpt lat="-38.14207895658910274505615234375" lon="145.3969118557870388031005859375">
        <ele>209.399993896484375</ele>
        <time>2026-03-31T07:53:13.000Z</time>
        <extensions>
          <ns3:TrackPointExtension>
            <ns3:atemp>28.0</ns3:atemp>
            <ns3:hr>139</ns3:hr>
          </ns3:TrackPointExtension>
        </extensions>
      </trkpt>
      <trkpt lat="-38.1420389749109745025634765625" lon="145.39685913361608982086181640625">
        <ele>210.600006103515625</ele>
        <time>2026-03-31T07:53:14.000Z</time>
        <extensions>
          <ns3:TrackPointExtension>
            <ns3:atemp>28.0</ns3:atemp>
            <ns3:hr>138</ns3:hr>
          </ns3:TrackPointExtension>
        </extensions>
      </trkpt>
      <trkpt lat="-38.14199731685221195220947265625" lon="145.39681370370090007781982421875">
        <ele>212</ele>
        <time>2026-03-31T07:53:15.000Z</time>
        <extensions>
          <ns3:TrackPointExtension>
            <ns3:atemp>28.0</ns3:atemp>
            <ns3:hr>139</ns3:hr>
          </ns3:TrackPointExtension>
        </extensions>
      </trkpt>
      <trkpt lat="-38.14195222221314907073974609375" lon="145.396767519414424896240234375">
        <ele>213.399993896484375</ele>
        <time>2026-03-31T07:53:16.000Z</time>
        <extensions>
          <ns3:TrackPointExtension>
            <ns3:atemp>28.0</ns3:atemp>
            <ns3:hr>139</ns3:hr>
          </ns3:TrackPointExtension>
        </extensions>
      </trkpt>
      <trkpt lat="-38.141915090382099151611328125" lon="145.3967180661857128143310546875">
        <ele>214.399993896484375</ele>
        <time>2026-03-31T07:53:17.000Z</time>
        <extensions>
          <ns3:TrackPointExtension>
            <ns3:atemp>28.0</ns3:atemp>
            <ns3:hr>139</ns3:hr>
          </ns3:TrackPointExtension>
        </extensions>
      </trkpt>
      <trkpt lat="-38.14187527634203433990478515625" lon="145.39666417054831981658935546875">
        <ele>215.8000030517578125</ele>
        <time>2026-03-31T07:53:18.000Z</time>
        <extensions>
          <ns3:TrackPointExtension>
            <ns3:atemp>28.0</ns3:atemp>
            <ns3:hr>139</ns3:hr>
          </ns3:TrackPointExtension>
        </extensions>
      </trkpt>
      <trkpt lat="-38.141835629940032958984375" lon="145.39660759270191192626953125">
        <ele>217</ele>
        <time>2026-03-31T07:53:19.000Z</time>
        <extensions>
          <ns3:TrackPointExtension>
            <ns3:atemp>28.0</ns3:atemp>
            <ns3:hr>136</ns3:hr>
          </ns3:TrackPointExtension>
        </extensions>
      </trkpt>
      <trkpt lat="-38.14180285669863224029541015625" lon="145.39655704982578754425048828125">
        <ele>218.1999969482421875</ele>
        <time>2026-03-31T07:53:20.000Z</time>
        <extensions>
          <ns3:TrackPointExtension>
            <ns3:atemp>28.0</ns3:atemp>
            <ns3:hr>131</ns3:hr>
          </ns3:TrackPointExtension>
        </extensions>
      </trkpt>
      <trkpt lat="-38.1417747773230075836181640625" lon="145.39651748724281787872314453125">
        <ele>218.8000030517578125</ele>
        <time>2026-03-31T07:53:21.000Z</time>
        <extensions>
          <ns3:TrackPointExtension>
            <ns3:atemp>28.0</ns3:atemp>
            <ns3:hr>126</ns3:hr>
          </ns3:TrackPointExtension>
        </extensions>
      </trkpt>
      <trkpt lat="-38.1417368911206722259521484375" lon="145.396478511393070220947265625">
        <ele>220</ele>
        <time>2026-03-31T07:53:22.000Z</time>
        <extensions>
          <ns3:TrackPointExtension>
            <ns3:atemp>28.0</ns3:atemp>
            <ns3:hr>126</ns3:hr>
          </ns3:TrackPointExtension>
        </extensions>
      </trkpt>
      <trkpt lat="-38.1416621245443820953369140625" lon="145.3963767550885677337646484375">
        <ele>221.399993896484375</ele>
        <time>2026-03-31T07:53:24.000Z</time>
        <extensions>
          <ns3:TrackPointExtension>
            <ns3:atemp>28.0</ns3:atemp>
            <ns3:hr>128</ns3:hr>
          </ns3:TrackPointExtension>
        </extensions>
      </trkpt>
      <trkpt lat="-38.14163069240748882293701171875" lon="145.39631447754800319671630859375">
        <ele>223</ele>
        <time>2026-03-31T07:53:25.000Z</time>
        <extensions>
          <ns3:TrackPointExtension>
            <ns3:atemp>28.0</ns3:atemp>
            <ns3:hr>133</ns3:hr>
          </ns3:TrackPointExtension>
        </extensions>
      </trkpt>
      <trkpt lat="-38.14159498549997806549072265625" lon="145.39626502431929111480712890625">
        <ele>224.1999969482421875</ele>
        <time>2026-03-31T07:53:26.000Z</time>
        <extensions>
          <ns3:TrackPointExtension>
            <ns3:atemp>28.0</ns3:atemp>
            <ns3:hr>134</ns3:hr>
          </ns3:TrackPointExtension>
        </extensions>
      </trkpt>
      <trkpt lat="-38.1415555067360401153564453125" lon="145.39623049087822437286376953125">
        <ele>225.8000030517578125</ele>
        <time>2026-03-31T07:53:27.000Z</time>
        <extensions>
          <ns3:TrackPointExtension>
            <ns3:atemp>28.0</ns3:atemp>
            <ns3:hr>133</ns3:hr>
          </ns3:TrackPointExtension>
        </extensions>
      </trkpt>
      <trkpt lat="-38.14152323640882968902587890625" lon="145.396183468401432037353515625">
        <ele>227.600006103515625</ele>
        <time>2026-03-31T07:53:28.000Z</time>
        <extensions>
          <ns3:TrackPointExtension>
            <ns3:atemp>28.0</ns3:atemp>
            <ns3:hr>133</ns3:hr>
          </ns3:TrackPointExtension>
        </extensions>
      </trkpt>
      <trkpt lat="-38.14148895442485809326171875" lon="145.39613418281078338623046875">
        <ele>228.600006103515625</ele>
        <time>2026-03-31T07:53:29.000Z</time>
        <extensions>
          <ns3:TrackPointExtension>
            <ns3:atemp>28.0</ns3:atemp>
            <ns3:hr>133</ns3:hr>
          </ns3:TrackPointExtension>
        </extensions>
      </trkpt>
      <trkpt lat="-38.14145802520215511322021484375" lon="145.39607073180377483367919921875">
        <ele>229.8000030517578125</ele>
        <time>2026-03-31T07:53:30.000Z</time>
        <extensions>
          <ns3:TrackPointExtension>
            <ns3:atemp>27.0</ns3:atemp>
            <ns3:hr>133</ns3:hr>
          </ns3:TrackPointExtension>
        </extensions>
      </trkpt>
      <trkpt lat="-38.1414281018078327178955078125" lon="145.396010465919971466064453125">
        <ele>231</ele>
        <time>2026-03-31T07:53:31.000Z</time>
        <extensions>
          <ns3:TrackPointExtension>
            <ns3:atemp>27.0</ns3:atemp>
            <ns3:hr>132</ns3:hr>
          </ns3:TrackPointExtension>
        </extensions>
      </trkpt>
      <trkpt lat="-38.14138837158679962158203125" lon="145.39595707319676876068115234375">
        <ele>232</ele>
        <time>2026-03-31T07:53:32.000Z</time>
        <extensions>
          <ns3:TrackPointExtension>
            <ns3:atemp>27.0</ns3:atemp>
            <ns3:hr>132</ns3:hr>
          </ns3:TrackPointExtension>
        </extensions>
      </trkpt>
      <trkpt lat="-38.14131997525691986083984375" lon="145.39586151950061321258544921875">
        <ele>234</ele>
        <time>2026-03-31T07:53:34.000Z</time>
        <extensions>
          <ns3:TrackPointExtension>
            <ns3:atemp>27.0</ns3:atemp>
            <ns3:hr>132</ns3:hr>
          </ns3:TrackPointExtension>
        </extensions>
      </trkpt>
      <trkpt lat="-38.14128954894840717315673828125" lon="145.39581273682415485382080078125">
        <ele>235.1999969482421875</ele>
        <time>2026-03-31T07:53:35.000Z</time>
        <extensions>
          <ns3:TrackPointExtension>
            <ns3:atemp>27.0</ns3:atemp>
            <ns3:hr>132</ns3:hr>
          </ns3:TrackPointExtension>
        </extensions>
      </trkpt>
      <trkpt lat="-38.1412624754011631011962890625" lon="145.39574987255036830902099609375">
        <ele>236.399993896484375</ele>
        <time>2026-03-31T07:53:36.000Z</time>
        <extensions>
          <ns3:TrackPointExtension>
            <ns3:atemp>27.0</ns3:atemp>
            <ns3:hr>131</ns3:hr>
          </ns3:TrackPointExtension>
        </extensions>
      </trkpt>
      <trkpt lat="-38.14123473130166530609130859375" lon="145.39569270797073841094970703125">
        <ele>237.399993896484375</ele>
        <time>2026-03-31T07:53:37.000Z</time>
        <extensions>
          <ns3:TrackPointExtension>
            <ns3:atemp>27.0</ns3:atemp>
            <ns3:hr>132</ns3:hr>
          </ns3:TrackPointExtension>
        </extensions>
      </trkpt>
      <trkpt lat="-38.14120790921151638031005859375" lon="145.39562330581247806549072265625">
        <ele>238.600006103515625</ele>
        <time>2026-03-31T07:53:38.000Z</time>
        <extensions>
          <ns3:TrackPointExtension>
            <ns3:atemp>27.0</ns3:atemp>
            <ns3:hr>132</ns3:hr>
          </ns3:TrackPointExtension>
        </extensions>
      </trkpt>
      <trkpt lat="-38.14117639325559139251708984375" lon="145.39555256254971027374267578125">
        <ele>239.8000030517578125</ele>
        <time>2026-03-31T07:53:39.000Z</time>
        <extensions>
          <ns3:TrackPointExtension>
            <ns3:atemp>27.0</ns3:atemp>
            <ns3:hr>131</ns3:hr>
          </ns3:TrackPointExtension>
        </extensions>
      </trkpt>
      <trkpt lat="-38.1411451287567615509033203125" lon="145.3954896144568920135498046875">
        <ele>241</ele>
        <time>2026-03-31T07:53:40.000Z</time>
        <extensions>
          <ns3:TrackPointExtension>
            <ns3:atemp>27.0</ns3:atemp>
            <ns3:hr>131</ns3:hr>
          </ns3:TrackPointExtension>
        </extensions>
      </trkpt>
      <trkpt lat="-38.141107745468616485595703125" lon="145.39542180486023426055908203125">
        <ele>242.1999969482421875</ele>
        <time>2026-03-31T07:53:41.000Z</time>
        <extensions>
          <ns3:TrackPointExtension>
            <ns3:atemp>27.0</ns3:atemp>
            <ns3:hr>131</ns3:hr>
          </ns3:TrackPointExtension>
        </extensions>
      </trkpt>
      <trkpt lat="-38.14107723534107208251953125" lon="145.395356677472591400146484375">
        <ele>243.399993896484375</ele>
        <time>2026-03-31T07:53:42.000Z</time>
        <extensions>
          <ns3:TrackPointExtension>
            <ns3:atemp>27.0</ns3:atemp>
            <ns3:hr>131</ns3:hr>
          </ns3:TrackPointExtension>
        </extensions>
      </trkpt>
      <trkpt lat="-38.14104513265192508697509765625" lon="145.39529255591332912445068359375">
        <ele>244.600006103515625</ele>
        <time>2026-03-31T07:53:43.000Z</time>
        <extensions>
          <ns3:TrackPointExtension>
            <ns3:atemp>27.0</ns3:atemp>
            <ns3:hr>130</ns3:hr>
          </ns3:TrackPointExtension>
        </extensions>
      </trkpt>
      <trkpt lat="-38.14101479016244411468505859375" lon="145.39523052982985973358154296875">
        <ele>246.1999969482421875</ele>
        <time>2026-03-31T07:53:44.000Z</time>
        <extensions>
          <ns3:TrackPointExtension>
            <ns3:atemp>27.0</ns3:atemp>
            <ns3:hr>130</ns3:hr>
          </ns3:TrackPointExtension>
        </extensions>
      </trkpt>
      <trkpt lat="-38.14098025672137737274169921875" lon="145.39516389369964599609375">
        <ele>247.8000030517578125</ele>
        <time>2026-03-31T07:53:45.000Z</time>
        <extensions>
          <ns3:TrackPointExtension>
            <ns3:atemp>27.0</ns3:atemp>
            <ns3:hr>129</ns3:hr>
          </ns3:TrackPointExtension>
        </extensions>
      </trkpt>
      <trkpt lat="-38.1409411132335662841796875" lon="145.3951010294258594512939453125">
        <ele>248.1999969482421875</ele>
        <time>2026-03-31T07:53:46.000Z</time>
        <extensions>
          <ns3:TrackPointExtension>
            <ns3:atemp>27.0</ns3:atemp>
            <ns3:hr>128</ns3:hr>
          </ns3:TrackPointExtension>
        </extensions>
      </trkpt>
      <trkpt lat="-38.1409117765724658966064453125" lon="145.39506264030933380126953125">
        <ele>249.399993896484375</ele>
        <time>2026-03-31T07:53:47.000Z</time>
        <extensions>
          <ns3:TrackPointExtension>
            <ns3:atemp>27.0</ns3:atemp>
            <ns3:hr>124</ns3:hr>
          </ns3:TrackPointExtension>
        </extensions>
      </trkpt>
      <trkpt lat="-38.14086777158081531524658203125" lon="145.394991897046566009521484375">
        <ele>250</ele>
        <time>2026-03-31T07:53:48.000Z</time>
        <extensions>
          <ns3:TrackPointExtension>
            <ns3:atemp>27.0</ns3:atemp>
            <ns3:hr>121</ns3:hr>
          </ns3:TrackPointExtension>
        </extensions>
      </trkpt>
      <trkpt lat="-38.14083944074809551239013671875" lon="145.3949434496462345123291015625">
        <ele>250.399993896484375</ele>
        <time>2026-03-31T07:53:49.000Z</time>
        <extensions>
          <ns3:TrackPointExtension>
            <ns3:atemp>27.0</ns3:atemp>
            <ns3:hr>119</ns3:hr>
          </ns3:TrackPointExtension>
        </extensions>
      </trkpt>
      <trkpt lat="-38.1407667696475982666015625" lon="145.39480523206293582916259765625">
        <ele>251</ele>
        <time>2026-03-31T07:53:51.000Z</time>
        <extensions>
          <ns3:TrackPointExtension>
            <ns3:atemp>27.0</ns3:atemp>
            <ns3:hr>119</ns3:hr>
          </ns3:TrackPointExtension>
        </extensions>
      </trkpt>
      <trkpt lat="-38.14065881073474884033203125" lon="145.394619405269622802734375">
        <ele>251.600006103515625</ele>
        <time>2026-03-31T07:53:54.000Z</time>
        <extensions>
          <ns3:TrackPointExtension>
            <ns3:atemp>27.0</ns3:atemp>
            <ns3:hr>122</ns3:hr>
          </ns3:TrackPointExtension>
        </extensions>
      </trkpt>
      <trkpt lat="-38.14058714546263217926025390625" lon="145.39449359290301799774169921875">
        <ele>252.1999969482421875</ele>
        <time>2026-03-31T07:53:56.000Z</time>
        <extensions>
          <ns3:TrackPointExtension>
            <ns3:atemp>27.0</ns3:atemp>
            <ns3:hr>123</ns3:hr>
          </ns3:TrackPointExtension>
        </extensions>
      </trkpt>
      <trkpt lat="-38.14051221124827861785888671875" lon="145.39434171281754970550537109375">
        <ele>253</ele>
        <time>2026-03-31T07:53:58.000Z</time>
        <extensions>
          <ns3:TrackPointExtension>
            <ns3:atemp>27.0</ns3:atemp>
            <ns3:hr>131</ns3:hr>
          </ns3:TrackPointExtension>
        </extensions>
      </trkpt>
      <trkpt lat="-38.14044892787933349609375" lon="145.39420475251972675323486328125">
        <ele>254.1999969482421875</ele>
        <time>2026-03-31T07:54:00.000Z</time>
        <extensions>
          <ns3:TrackPointExtension>
            <ns3:atemp>27.0</ns3:atemp>
            <ns3:hr>134</ns3:hr>
          </ns3:TrackPointExtension>
        </extensions>
      </trkpt>
      <trkpt lat="-38.1404034979641437530517578125" lon="145.39406578056514263153076171875">
        <ele>255.600006103515625</ele>
        <time>2026-03-31T07:54:02.000Z</time>
        <extensions>
          <ns3:TrackPointExtension>
            <ns3:atemp>27.0</ns3:atemp>
            <ns3:hr>135</ns3:hr>
          </ns3:TrackPointExtension>
        </extensions>
      </trkpt>
      <trkpt lat="-38.1403361074626445770263671875" lon="145.39391507394611835479736328125">
        <ele>256.79998779296875</ele>
        <time>2026-03-31T07:54:04.000Z</time>
        <extensions>
          <ns3:TrackPointExtension>
            <ns3:atemp>27.0</ns3:atemp>
            <ns3:hr>134</ns3:hr>
          </ns3:TrackPointExtension>
        </extensions>
      </trkpt>
      <trkpt lat="-38.14017274416983127593994140625" lon="145.39352514781057834625244140625">
        <ele>257.79998779296875</ele>
        <time>2026-03-31T07:54:09.000Z</time>
        <extensions>
          <ns3:TrackPointExtension>
            <ns3:atemp>27.0</ns3:atemp>
            <ns3:hr>133</ns3:hr>
          </ns3:TrackPointExtension>
        </extensions>
      </trkpt>
      <trkpt lat="-38.14013443887233734130859375" lon="145.3934467770159244537353515625">
        <ele>258.20001220703125</ele>
        <time>2026-03-31T07:54:10.000Z</time>
        <extensions>
          <ns3:TrackPointExtension>
            <ns3:atemp>27.0</ns3:atemp>
            <ns3:hr>132</ns3:hr>
          </ns3:TrackPointExtension>
        </extensions>
      </trkpt>
      <trkpt lat="-38.140085153281688690185546875" lon="145.3932861797511577606201171875">
        <ele>258.600006103515625</ele>
        <time>2026-03-31T07:54:12.000Z</time>
        <extensions>
          <ns3:TrackPointExtension>
            <ns3:atemp>27.0</ns3:atemp>
            <ns3:hr>129</ns3:hr>
          </ns3:TrackPointExtension>
        </extensions>
      </trkpt>
      <trkpt lat="-38.1400018371641635894775390625" lon="145.39306841790676116943359375">
        <ele>259.20001220703125</ele>
        <time>2026-03-31T07:54:15.000Z</time>
        <extensions>
          <ns3:TrackPointExtension>
            <ns3:atemp>27.0</ns3:atemp>
            <ns3:hr>130</ns3:hr>
          </ns3:TrackPointExtension>
        </extensions>
      </trkpt>
      <trkpt lat="-38.139969147741794586181640625" lon="145.39299222640693187713623046875">
        <ele>259.600006103515625</ele>
        <time>2026-03-31T07:54:16.000Z</time>
        <extensions>
          <ns3:TrackPointExtension>
            <ns3:atemp>27.0</ns3:atemp>
            <ns3:hr>130</ns3:hr>
          </ns3:TrackPointExtension>
        </extensions>
      </trkpt>
      <trkpt lat="-38.1398821435868740081787109375" lon="145.39276356808841228485107421875">
        <ele>260.399993896484375</ele>
        <time>2026-03-31T07:54:19.000Z</time>
        <extensions>
          <ns3:TrackPointExtension>
            <ns3:atemp>27.0</ns3:atemp>
            <ns3:hr>130</ns3:hr>
          </ns3:TrackPointExtension>
        </extensions>
      </trkpt>
      <trkpt lat="-38.1398011744022369384765625" lon="145.39253759197890758514404296875">
        <ele>261.600006103515625</ele>
        <time>2026-03-31T07:54:22.000Z</time>
        <extensions>
          <ns3:TrackPointExtension>
            <ns3:atemp>27.0</ns3:atemp>
            <ns3:hr>133</ns3:hr>
          </ns3:TrackPointExtension>
        </extensions>
      </trkpt>
      <trkpt lat="-38.13974241726100444793701171875" lon="145.3923936747014522552490234375">
        <ele>262.79998779296875</ele>
        <time>2026-03-31T07:54:24.000Z</time>
        <extensions>
          <ns3:TrackPointExtension>
            <ns3:atemp>27.0</ns3:atemp>
            <ns3:hr>134</ns3:hr>
          </ns3:TrackPointExtension>
        </extensions>
      </trkpt>
      <trkpt lat="-38.1396880187094211578369140625" lon="145.3922491706907749176025390625">
        <ele>264.399993896484375</ele>
        <time>2026-03-31T07:54:26.000Z</time>
        <extensions>
          <ns3:TrackPointExtension>
            <ns3:atemp>27.0</ns3:atemp>
            <ns3:hr>135</ns3:hr>
          </ns3:TrackPointExtension>
        </extensions>
      </trkpt>
      <trkpt lat="-38.1396293453872203826904296875" lon="145.39210282266139984130859375">
        <ele>266</ele>
        <time>2026-03-31T07:54:28.000Z</time>
        <extensions>
          <ns3:TrackPointExtension>
            <ns3:atemp>27.0</ns3:atemp>
            <ns3:hr>135</ns3:hr>
          </ns3:TrackPointExtension>
        </extensions>
      </trkpt>
      <trkpt lat="-38.13957595266401767730712890625" lon="145.391953624784946441650390625">
        <ele>267.20001220703125</ele>
        <time>2026-03-31T07:54:30.000Z</time>
        <extensions>
          <ns3:TrackPointExtension>
            <ns3:atemp>27.0</ns3:atemp>
            <ns3:hr>136</ns3:hr>
          </ns3:TrackPointExtension>
        </extensions>
      </trkpt>
      <trkpt lat="-38.13951862044632434844970703125" lon="145.39181289263069629669189453125">
        <ele>268.79998779296875</ele>
        <time>2026-03-31T07:54:32.000Z</time>
        <extensions>
          <ns3:TrackPointExtension>
            <ns3:atemp>27.0</ns3:atemp>
            <ns3:hr>136</ns3:hr>
          </ns3:TrackPointExtension>
        </extensions>
      </trkpt>
      <trkpt lat="-38.13945257104933261871337890625" lon="145.39165900088846683502197265625">
        <ele>270</ele>
        <time>2026-03-31T07:54:34.000Z</time>
        <extensions>
          <ns3:TrackPointExtension>
            <ns3:atemp>27.0</ns3:atemp>
            <ns3:hr>136</ns3:hr>
          </ns3:TrackPointExtension>
        </extensions>
      </trkpt>
      <trkpt lat="-38.13942365348339080810546875" lon="145.39158423431217670440673828125">
        <ele>270.600006103515625</ele>
        <time>2026-03-31T07:54:35.000Z</time>
        <extensions>
          <ns3:TrackPointExtension>
            <ns3:atemp>27.0</ns3:atemp>
            <ns3:hr>136</ns3:hr>
          </ns3:TrackPointExtension>
        </extensions>
      </trkpt>
      <trkpt lat="-38.13937981612980365753173828125" lon="145.3914476931095123291015625">
        <ele>271.79998779296875</ele>
        <time>2026-03-31T07:54:37.000Z</time>
        <extensions>
          <ns3:TrackPointExtension>
            <ns3:atemp>27.0</ns3:atemp>
            <ns3:hr>134</ns3:hr>
          </ns3:TrackPointExtension>
        </extensions>
      </trkpt>
      <trkpt lat="-38.1393175385892391204833984375" lon="145.39129824377596378326416015625">
        <ele>273.399993896484375</ele>
        <time>2026-03-31T07:54:39.000Z</time>
        <extensions>
          <ns3:TrackPointExtension>
            <ns3:atemp>27.0</ns3:atemp>
            <ns3:hr>133</ns3:hr>
          </ns3:TrackPointExtension>
        </extensions>
      </trkpt>
      <trkpt lat="-38.1392883695662021636962890625" lon="145.3912285901606082916259765625">
        <ele>274.399993896484375</ele>
        <time>2026-03-31T07:54:40.000Z</time>
        <extensions>
          <ns3:TrackPointExtension>
            <ns3:atemp>27.0</ns3:atemp>
            <ns3:hr>133</ns3:hr>
          </ns3:TrackPointExtension>
        </extensions>
      </trkpt>
      <trkpt lat="-38.13922072760760784149169921875" lon="145.39109339006245136260986328125">
        <ele>276.20001220703125</ele>
        <time>2026-03-31T07:54:42.000Z</time>
        <extensions>
          <ns3:TrackPointExtension>
            <ns3:atemp>27.0</ns3:atemp>
            <ns3:hr>131</ns3:hr>
          </ns3:TrackPointExtension>
        </extensions>
      </trkpt>
      <trkpt lat="-38.13916842453181743621826171875" lon="145.3909595310688018798828125">
        <ele>277.399993896484375</ele>
        <time>2026-03-31T07:54:44.000Z</time>
        <extensions>
          <ns3:TrackPointExtension>
            <ns3:atemp>27.0</ns3:atemp>
            <ns3:hr>130</ns3:hr>
          </ns3:TrackPointExtension>
        </extensions>
      </trkpt>
      <trkpt lat="-38.139142356812953948974609375" lon="145.3908897936344146728515625">
        <ele>278</ele>
        <time>2026-03-31T07:54:45.000Z</time>
        <extensions>
          <ns3:TrackPointExtension>
            <ns3:atemp>27.0</ns3:atemp>
            <ns3:hr>130</ns3:hr>
          </ns3:TrackPointExtension>
        </extensions>
      </trkpt>
      <trkpt lat="-38.1391160376369953155517578125" lon="145.390818379819393157958984375">
        <ele>278.79998779296875</ele>
        <time>2026-03-31T07:54:46.000Z</time>
        <extensions>
          <ns3:TrackPointExtension>
            <ns3:atemp>27.0</ns3:atemp>
            <ns3:hr>129</ns3:hr>
          </ns3:TrackPointExtension>
        </extensions>
      </trkpt>
      <trkpt lat="-38.1390858627855777740478515625" lon="145.39074419997632503509521484375">
        <ele>279.399993896484375</ele>
        <time>2026-03-31T07:54:47.000Z</time>
        <extensions>
          <ns3:TrackPointExtension>
            <ns3:atemp>27.0</ns3:atemp>
            <ns3:hr>125</ns3:hr>
          </ns3:TrackPointExtension>
        </extensions>
      </trkpt>
      <trkpt lat="-38.139059543609619140625" lon="145.390680916607379913330078125">
        <ele>280.20001220703125</ele>
        <time>2026-03-31T07:54:48.000Z</time>
        <extensions>
          <ns3:TrackPointExtension>
            <ns3:atemp>27.0</ns3:atemp>
            <ns3:hr>121</ns3:hr>
          </ns3:TrackPointExtension>
        </extensions>
      </trkpt>
      <trkpt lat="-38.13900480978190898895263671875" lon="145.39056985639035701751708984375">
        <ele>278.20001220703125</ele>
        <time>2026-03-31T07:54:50.000Z</time>
        <extensions>
          <ns3:TrackPointExtension>
            <ns3:atemp>27.0</ns3:atemp>
            <ns3:hr>120</ns3:hr>
          </ns3:TrackPointExtension>
        </extensions>
      </trkpt>
      <trkpt lat="-38.13892987556755542755126953125" lon="145.39043842814862728118896484375">
        <ele>276</ele>
        <time>2026-03-31T07:54:52.000Z</time>
        <extensions>
          <ns3:TrackPointExtension>
            <ns3:atemp>27.0</ns3:atemp>
            <ns3:hr>119</ns3:hr>
          </ns3:TrackPointExtension>
        </extensions>
      </trkpt>
      <trkpt lat="-38.1388914026319980621337890625" lon="145.39037003181874752044677734375">
        <ele>272.20001220703125</ele>
        <time>2026-03-31T07:54:53.000Z</time>
        <extensions>
          <ns3:TrackPointExtension>
            <ns3:atemp>27.0</ns3:atemp>
            <ns3:hr>119</ns3:hr>
          </ns3:TrackPointExtension>
        </extensions>
      </trkpt>
      <trkpt lat="-38.138844966888427734375" lon="145.3903116099536418914794921875">
        <ele>270.79998779296875</ele>
        <time>2026-03-31T07:54:54.000Z</time>
        <extensions>
          <ns3:TrackPointExtension>
            <ns3:atemp>27.0</ns3:atemp>
            <ns3:hr>119</ns3:hr>
          </ns3:TrackPointExtension>
        </extensions>
      </trkpt>
      <trkpt lat="-38.13876927830278873443603515625" lon="145.39019719697535037994384765625">
        <ele>272.20001220703125</ele>
        <time>2026-03-31T07:54:56.000Z</time>
        <extensions>
          <ns3:TrackPointExtension>
            <ns3:atemp>27.0</ns3:atemp>
            <ns3:hr>120</ns3:hr>
          </ns3:TrackPointExtension>
        </extensions>
      </trkpt>
      <trkpt lat="-38.13868881203234195709228515625" lon="145.39009124971926212310791015625">
        <ele>274</ele>
        <time>2026-03-31T07:54:58.000Z</time>
        <extensions>
          <ns3:TrackPointExtension>
            <ns3:atemp>27.0</ns3:atemp>
            <ns3:hr>123</ns3:hr>
          </ns3:TrackPointExtension>
        </extensions>
      </trkpt>
      <trkpt lat="-38.138516731560230255126953125" lon="145.38990265689790248870849609375">
        <ele>275.20001220703125</ele>
        <time>2026-03-31T07:55:02.000Z</time>
        <extensions>
          <ns3:TrackPointExtension>
            <ns3:atemp>27.0</ns3:atemp>
            <ns3:hr>122</ns3:hr>
          </ns3:TrackPointExtension>
        </extensions>
      </trkpt>
      <trkpt lat="-38.13843618147075176239013671875" lon="145.3897976316511631011962890625">
        <ele>275.79998779296875</ele>
        <time>2026-03-31T07:55:04.000Z</time>
        <extensions>
          <ns3:TrackPointExtension>
            <ns3:atemp>27.0</ns3:atemp>
            <ns3:hr>122</ns3:hr>
          </ns3:TrackPointExtension>
        </extensions>
      </trkpt>
      <trkpt lat="-38.13833962194621562957763671875" lon="145.3897067718207836151123046875">
        <ele>276.600006103515625</ele>
        <time>2026-03-31T07:55:06.000Z</time>
        <extensions>
          <ns3:TrackPointExtension>
            <ns3:atemp>27.0</ns3:atemp>
            <ns3:hr>121</ns3:hr>
          </ns3:TrackPointExtension>
        </extensions>
      </trkpt>
      <trkpt lat="-38.13819997943937778472900390625" lon="145.38958297111093997955322265625">
        <ele>277.600006103515625</ele>
        <time>2026-03-31T07:55:09.000Z</time>
        <extensions>
          <ns3:TrackPointExtension>
            <ns3:atemp>27.0</ns3:atemp>
            <ns3:hr>122</ns3:hr>
          </ns3:TrackPointExtension>
        </extensions>
      </trkpt>
      <trkpt lat="-38.1381494365632534027099609375" lon="145.38953904993832111358642578125">
        <ele>277.79998779296875</ele>
        <time>2026-03-31T07:55:10.000Z</time>
        <extensions>
          <ns3:TrackPointExtension>
            <ns3:atemp>27.0</ns3:atemp>
            <ns3:hr>122</ns3:hr>
          </ns3:TrackPointExtension>
        </extensions>
      </trkpt>
      <trkpt lat="-38.1380069442093372344970703125" lon="145.3894308395683765411376953125">
        <ele>278.79998779296875</ele>
        <time>2026-03-31T07:55:13.000Z</time>
        <extensions>
          <ns3:TrackPointExtension>
            <ns3:atemp>27.0</ns3:atemp>
            <ns3:hr>118</ns3:hr>
          </ns3:TrackPointExtension>
        </extensions>
      </trkpt>
      <trkpt lat="-38.1378738395869731903076171875" lon="145.38932464085519313812255859375">
        <ele>279.600006103515625</ele>
        <time>2026-03-31T07:55:16.000Z</time>
        <extensions>
          <ns3:TrackPointExtension>
            <ns3:atemp>27.0</ns3:atemp>
            <ns3:hr>118</ns3:hr>
          </ns3:TrackPointExtension>
        </extensions>
      </trkpt>
      <trkpt lat="-38.13778088428080081939697265625" lon="145.38924350403249263763427734375">
        <ele>279.79998779296875</ele>
        <time>2026-03-31T07:55:18.000Z</time>
        <extensions>
          <ns3:TrackPointExtension>
            <ns3:atemp>27.0</ns3:atemp>
            <ns3:hr>120</ns3:hr>
          </ns3:TrackPointExtension>
        </extensions>
      </trkpt>
      <trkpt lat="-38.1376089714467525482177734375" lon="145.3890821523964405059814453125">
        <ele>281.20001220703125</ele>
        <time>2026-03-31T07:55:22.000Z</time>
        <extensions>
          <ns3:TrackPointExtension>
            <ns3:atemp>27.0</ns3:atemp>
            <ns3:hr>122</ns3:hr>
          </ns3:TrackPointExtension>
        </extensions>
      </trkpt>
      <trkpt lat="-38.13738643191754817962646484375" lon="145.38885240443050861358642578125">
        <ele>282.399993896484375</ele>
        <time>2026-03-31T07:55:27.000Z</time>
        <extensions>
          <ns3:TrackPointExtension>
            <ns3:atemp>27.0</ns3:atemp>
            <ns3:hr>121</ns3:hr>
          </ns3:TrackPointExtension>
        </extensions>
      </trkpt>
      <trkpt lat="-38.1372096575796604156494140625" lon="145.38865861482918262481689453125">
        <ele>283.600006103515625</ele>
        <time>2026-03-31T07:55:31.000Z</time>
        <extensions>
          <ns3:TrackPointExtension>
            <ns3:atemp>27.0</ns3:atemp>
            <ns3:hr>120</ns3:hr>
          </ns3:TrackPointExtension>
        </extensions>
      </trkpt>
      <trkpt lat="-38.1369461305439472198486328125" lon="145.38837346248328685760498046875">
        <ele>283.600006103515625</ele>
        <time>2026-03-31T07:55:37.000Z</time>
        <extensions>
          <ns3:TrackPointExtension>
            <ns3:atemp>27.0</ns3:atemp>
            <ns3:hr>119</ns3:hr>
          </ns3:TrackPointExtension>
        </extensions>
      </trkpt>
      <trkpt lat="-38.13662736676633358001708984375" lon="145.387986637651920318603515625">
        <ele>284</ele>
        <time>2026-03-31T07:55:44.000Z</time>
        <extensions>
          <ns3:TrackPointExtension>
            <ns3:atemp>27.0</ns3:atemp>
            <ns3:hr>119</ns3:hr>
          </ns3:TrackPointExtension>
        </extensions>
      </trkpt>
      <trkpt lat="-38.1365823559463024139404296875" lon="145.387935340404510498046875">
        <ele>283.79998779296875</ele>
        <time>2026-03-31T07:55:45.000Z</time>
        <extensions>
          <ns3:TrackPointExtension>
            <ns3:atemp>27.0</ns3:atemp>
            <ns3:hr>116</ns3:hr>
          </ns3:TrackPointExtension>
        </extensions>
      </trkpt>
      <trkpt lat="-38.1363201700150966644287109375" lon="145.3875925205647945404052734375">
        <ele>283.600006103515625</ele>
        <time>2026-03-31T07:55:51.000Z</time>
        <extensions>
          <ns3:TrackPointExtension>
            <ns3:atemp>27.0</ns3:atemp>
            <ns3:hr>114</ns3:hr>
          </ns3:TrackPointExtension>
        </extensions>
      </trkpt>
      <trkpt lat="-38.13600928522646427154541015625" lon="145.38721139542758464813232421875">
        <ele>284.79998779296875</ele>
        <time>2026-03-31T07:55:58.000Z</time>
        <extensions>
          <ns3:TrackPointExtension>
            <ns3:atemp>27.0</ns3:atemp>
            <ns3:hr>115</ns3:hr>
          </ns3:TrackPointExtension>
        </extensions>
      </trkpt>
      <trkpt lat="-38.13574391417205333709716796875" lon="145.38687963970005512237548828125">
        <ele>285.399993896484375</ele>
        <time>2026-03-31T07:56:04.000Z</time>
        <extensions>
          <ns3:TrackPointExtension>
            <ns3:atemp>27.0</ns3:atemp>
            <ns3:hr>114</ns3:hr>
          </ns3:TrackPointExtension>
        </extensions>
      </trkpt>
      <trkpt lat="-38.13544484786689281463623046875" lon="145.3865756280720233917236328125">
        <ele>284</ele>
        <time>2026-03-31T07:56:10.000Z</time>
        <extensions>
          <ns3:TrackPointExtension>
            <ns3:atemp>27.0</ns3:atemp>
            <ns3:hr>115</ns3:hr>
          </ns3:TrackPointExtension>
        </extensions>
      </trkpt>
      <trkpt lat="-38.13517293892800807952880859375" lon="145.3862537629902362823486328125">
        <ele>286</ele>
        <time>2026-03-31T07:56:16.000Z</time>
        <extensions>
          <ns3:TrackPointExtension>
            <ns3:atemp>27.0</ns3:atemp>
            <ns3:hr>114</ns3:hr>
          </ns3:TrackPointExtension>
        </extensions>
      </trkpt>
      <trkpt lat="-38.135134465992450714111328125" lon="145.3861950896680355072021484375">
        <ele>286.399993896484375</ele>
        <time>2026-03-31T07:56:17.000Z</time>
        <extensions>
          <ns3:TrackPointExtension>
            <ns3:atemp>27.0</ns3:atemp>
            <ns3:hr>114</ns3:hr>
          </ns3:TrackPointExtension>
        </extensions>
      </trkpt>
      <trkpt lat="-38.135094903409481048583984375" lon="145.38614203222095966339111328125">
        <ele>286.79998779296875</ele>
        <time>2026-03-31T07:56:18.000Z</time>
        <extensions>
          <ns3:TrackPointExtension>
            <ns3:atemp>27.0</ns3:atemp>
            <ns3:hr>113</ns3:hr>
          </ns3:TrackPointExtension>
        </extensions>
      </trkpt>
      <trkpt lat="-38.13506799750030040740966796875" lon="145.3860817663371562957763671875">
        <ele>287</ele>
        <time>2026-03-31T07:56:19.000Z</time>
        <extensions>
          <ns3:TrackPointExtension>
            <ns3:atemp>27.0</ns3:atemp>
            <ns3:hr>113</ns3:hr>
          </ns3:TrackPointExtension>
        </extensions>
      </trkpt>
      <trkpt lat="-38.13496205024421215057373046875" lon="145.3859070874750614166259765625">
        <ele>288</ele>
        <time>2026-03-31T07:56:22.000Z</time>
        <extensions>
          <ns3:TrackPointExtension>
            <ns3:atemp>27.0</ns3:atemp>
            <ns3:hr>112</ns3:hr>
          </ns3:TrackPointExtension>
        </extensions>
      </trkpt>
      <trkpt lat="-38.1349203921854496002197265625" lon="145.38585185073316097259521484375">
        <ele>288.20001220703125</ele>
        <time>2026-03-31T07:56:23.000Z</time>
        <extensions>
          <ns3:TrackPointExtension>
            <ns3:atemp>27.0</ns3:atemp>
            <ns3:hr>112</ns3:hr>
          </ns3:TrackPointExtension>
        </extensions>
      </trkpt>
      <trkpt lat="-38.13481335528194904327392578125" lon="145.38566627539694309234619140625">
        <ele>290.600006103515625</ele>
        <time>2026-03-31T07:56:26.000Z</time>
        <extensions>
          <ns3:TrackPointExtension>
            <ns3:atemp>27.0</ns3:atemp>
            <ns3:hr>113</ns3:hr>
          </ns3:TrackPointExtension>
        </extensions>
      </trkpt>
      <trkpt lat="-38.1347892992198467254638671875" lon="145.38561447523534297943115234375">
        <ele>292.79998779296875</ele>
        <time>2026-03-31T07:56:27.000Z</time>
        <extensions>
          <ns3:TrackPointExtension>
            <ns3:atemp>27.0</ns3:atemp>
            <ns3:hr>113</ns3:hr>
          </ns3:TrackPointExtension>
        </extensions>
      </trkpt>
      <trkpt lat="-38.1347480602562427520751953125" lon="145.3855520300567150115966796875">
        <ele>294.600006103515625</ele>
        <time>2026-03-31T07:56:28.000Z</time>
        <extensions>
          <ns3:TrackPointExtension>
            <ns3:atemp>27.0</ns3:atemp>
            <ns3:hr>113</ns3:hr>
          </ns3:TrackPointExtension>
        </extensions>
      </trkpt>
      <trkpt lat="-38.1347157061100006103515625" lon="145.385499559342861175537109375">
        <ele>294.79998779296875</ele>
        <time>2026-03-31T07:56:29.000Z</time>
        <extensions>
          <ns3:TrackPointExtension>
            <ns3:atemp>27.0</ns3:atemp>
            <ns3:hr>113</ns3:hr>
          </ns3:TrackPointExtension>
        </extensions>
      </trkpt>
      <trkpt lat="-38.134633563458919525146484375" lon="145.385390929877758026123046875">
        <ele>293</ele>
        <time>2026-03-31T07:56:31.000Z</time>
        <extensions>
          <ns3:TrackPointExtension>
            <ns3:atemp>27.0</ns3:atemp>
            <ns3:hr>113</ns3:hr>
          </ns3:TrackPointExtension>
        </extensions>
      </trkpt>
      <trkpt lat="-38.1346048973500728607177734375" lon="145.385343991219997406005859375">
        <ele>292</ele>
        <time>2026-03-31T07:56:32.000Z</time>
        <extensions>
          <ns3:TrackPointExtension>
            <ns3:atemp>27.0</ns3:atemp>
            <ns3:hr>113</ns3:hr>
          </ns3:TrackPointExtension>
        </extensions>
      </trkpt>
      <trkpt lat="-38.13457581214606761932373046875" lon="145.38529981859028339385986328125">
        <ele>290.79998779296875</ele>
        <time>2026-03-31T07:56:33.000Z</time>
        <extensions>
          <ns3:TrackPointExtension>
            <ns3:atemp>27.0</ns3:atemp>
            <ns3:hr>113</ns3:hr>
          </ns3:TrackPointExtension>
        </extensions>
      </trkpt>
      <trkpt lat="-38.13454010523855686187744140625" lon="145.38526075892150402069091796875">
        <ele>290</ele>
        <time>2026-03-31T07:56:34.000Z</time>
        <extensions>
          <ns3:TrackPointExtension>
            <ns3:atemp>27.0</ns3:atemp>
            <ns3:hr>113</ns3:hr>
          </ns3:TrackPointExtension>
        </extensions>
      </trkpt>
      <trkpt lat="-38.13450154848396778106689453125" lon="145.38521826267242431640625">
        <ele>289.20001220703125</ele>
        <time>2026-03-31T07:56:35.000Z</time>
        <extensions>
          <ns3:TrackPointExtension>
            <ns3:atemp>27.0</ns3:atemp>
            <ns3:hr>113</ns3:hr>
          </ns3:TrackPointExtension>
        </extensions>
      </trkpt>
      <trkpt lat="-38.1343973614275455474853515625" lon="145.38508507423102855682373046875">
        <ele>288.20001220703125</ele>
        <time>2026-03-31T07:56:38.000Z</time>
        <extensions>
          <ns3:TrackPointExtension>
            <ns3:atemp>27.0</ns3:atemp>
            <ns3:hr>115</ns3:hr>
          </ns3:TrackPointExtension>
        </extensions>
      </trkpt>
      <trkpt lat="-38.1343413703143596649169921875" lon="145.38500058464705944061279296875">
        <ele>287.20001220703125</ele>
        <time>2026-03-31T07:56:40.000Z</time>
        <extensions>
          <ns3:TrackPointExtension>
            <ns3:atemp>27.0</ns3:atemp>
            <ns3:hr>114</ns3:hr>
          </ns3:TrackPointExtension>
        </extensions>
      </trkpt>
      <trkpt lat="-38.134302310645580291748046875" lon="145.38494442589581012725830078125">
        <ele>286.600006103515625</ele>
        <time>2026-03-31T07:56:41.000Z</time>
        <extensions>
          <ns3:TrackPointExtension>
            <ns3:atemp>27.0</ns3:atemp>
            <ns3:hr>112</ns3:hr>
          </ns3:TrackPointExtension>
        </extensions>
      </trkpt>
      <trkpt lat="-38.13427381217479705810546875" lon="145.3848774544894695281982421875">
        <ele>286.20001220703125</ele>
        <time>2026-03-31T07:56:42.000Z</time>
        <extensions>
          <ns3:TrackPointExtension>
            <ns3:atemp>27.0</ns3:atemp>
            <ns3:hr>111</ns3:hr>
          </ns3:TrackPointExtension>
        </extensions>
      </trkpt>
      <trkpt lat="-38.134268112480640411376953125" lon="145.38481618277728557586669921875">
        <ele>285.399993896484375</ele>
        <time>2026-03-31T07:56:43.000Z</time>
        <extensions>
          <ns3:TrackPointExtension>
            <ns3:atemp>27.0</ns3:atemp>
            <ns3:hr>111</ns3:hr>
          </ns3:TrackPointExtension>
        </extensions>
      </trkpt>
      <trkpt lat="-38.1342528574168682098388671875" lon="145.38473353721201419830322265625">
        <ele>284.600006103515625</ele>
        <time>2026-03-31T07:56:44.000Z</time>
        <extensions>
          <ns3:TrackPointExtension>
            <ns3:atemp>27.0</ns3:atemp>
            <ns3:hr>111</ns3:hr>
          </ns3:TrackPointExtension>
        </extensions>
      </trkpt>
      <trkpt lat="-38.1342545337975025177001953125" lon="145.38465223275125026702880859375">
        <ele>284</ele>
        <time>2026-03-31T07:56:45.000Z</time>
        <extensions>
          <ns3:TrackPointExtension>
            <ns3:atemp>27.0</ns3:atemp>
            <ns3:hr>112</ns3:hr>
          </ns3:TrackPointExtension>
        </extensions>
      </trkpt>
      <trkpt lat="-38.134266771376132965087890625" lon="145.38446766324341297149658203125">
        <ele>282.399993896484375</ele>
        <time>2026-03-31T07:56:47.000Z</time>
        <extensions>
          <ns3:TrackPointExtension>
            <ns3:atemp>27.0</ns3:atemp>
            <ns3:hr>113</ns3:hr>
          </ns3:TrackPointExtension>
        </extensions>
      </trkpt>
      <trkpt lat="-38.13426551409065723419189453125" lon="145.38436071015894412994384765625">
        <ele>282.20001220703125</ele>
        <time>2026-03-31T07:56:48.000Z</time>
        <extensions>
          <ns3:TrackPointExtension>
            <ns3:atemp>27.0</ns3:atemp>
            <ns3:hr>113</ns3:hr>
          </ns3:TrackPointExtension>
        </extensions>
      </trkpt>
      <trkpt lat="-38.13428965397179126739501953125" lon="145.38415275514125823974609375">
        <ele>281.600006103515625</ele>
        <time>2026-03-31T07:56:50.000Z</time>
        <extensions>
          <ns3:TrackPointExtension>
            <ns3:atemp>27.0</ns3:atemp>
            <ns3:hr>115</ns3:hr>
          </ns3:TrackPointExtension>
        </extensions>
      </trkpt>
      <trkpt lat="-38.13431664370000362396240234375" lon="145.38405887782573699951171875">
        <ele>281.399993896484375</ele>
        <time>2026-03-31T07:56:51.000Z</time>
        <extensions>
          <ns3:TrackPointExtension>
            <ns3:atemp>27.0</ns3:atemp>
            <ns3:hr>115</ns3:hr>
          </ns3:TrackPointExtension>
        </extensions>
      </trkpt>
      <trkpt lat="-38.13438244163990020751953125" lon="145.3838662616908550262451171875">
        <ele>280.399993896484375</ele>
        <time>2026-03-31T07:56:53.000Z</time>
        <extensions>
          <ns3:TrackPointExtension>
            <ns3:atemp>27.0</ns3:atemp>
            <ns3:hr>117</ns3:hr>
          </ns3:TrackPointExtension>
        </extensions>
      </trkpt>
      <trkpt lat="-38.1344147957861423492431640625" lon="145.38375436328351497650146484375">
        <ele>280</ele>
        <time>2026-03-31T07:56:54.000Z</time>
        <extensions>
          <ns3:TrackPointExtension>
            <ns3:atemp>27.0</ns3:atemp>
            <ns3:hr>117</ns3:hr>
          </ns3:TrackPointExtension>
        </extensions>
      </trkpt>
      <trkpt lat="-38.1346119381487369537353515625" lon="145.38321155123412609100341796875">
        <ele>281.20001220703125</ele>
        <time>2026-03-31T07:56:59.000Z</time>
        <extensions>
          <ns3:TrackPointExtension>
            <ns3:atemp>27.0</ns3:atemp>
            <ns3:hr>117</ns3:hr>
          </ns3:TrackPointExtension>
        </extensions>
      </trkpt>
      <trkpt lat="-38.134802542626857757568359375" lon="145.382678546011447906494140625">
        <ele>281.399993896484375</ele>
        <time>2026-03-31T07:57:04.000Z</time>
        <extensions>
          <ns3:TrackPointExtension>
            <ns3:atemp>27.0</ns3:atemp>
            <ns3:hr>117</ns3:hr>
          </ns3:TrackPointExtension>
        </extensions>
      </trkpt>
      <trkpt lat="-38.1348774768412113189697265625" lon="145.38245399482548236846923828125">
        <ele>281.399993896484375</ele>
        <time>2026-03-31T07:57:06.000Z</time>
        <extensions>
          <ns3:TrackPointExtension>
            <ns3:atemp>27.0</ns3:atemp>
            <ns3:hr>117</ns3:hr>
          </ns3:TrackPointExtension>
        </extensions>
      </trkpt>
      <trkpt lat="-38.13497261144220829010009765625" lon="145.3822351433336734771728515625">
        <ele>282</ele>
        <time>2026-03-31T07:57:08.000Z</time>
        <extensions>
          <ns3:TrackPointExtension>
            <ns3:atemp>27.0</ns3:atemp>
            <ns3:hr>117</ns3:hr>
          </ns3:TrackPointExtension>
        </extensions>
      </trkpt>
      <trkpt lat="-38.13503027893602848052978515625" lon="145.3821385838091373443603515625">
        <ele>282.399993896484375</ele>
        <time>2026-03-31T07:57:09.000Z</time>
        <extensions>
          <ns3:TrackPointExtension>
            <ns3:atemp>27.0</ns3:atemp>
            <ns3:hr>117</ns3:hr>
          </ns3:TrackPointExtension>
        </extensions>
      </trkpt>
      <trkpt lat="-38.13509456813335418701171875" lon="145.38204160518944263458251953125">
        <ele>282.399993896484375</ele>
        <time>2026-03-31T07:57:10.000Z</time>
        <extensions>
          <ns3:TrackPointExtension>
            <ns3:atemp>27.0</ns3:atemp>
            <ns3:hr>117</ns3:hr>
          </ns3:TrackPointExtension>
        </extensions>
      </trkpt>
      <trkpt lat="-38.13534929417073726654052734375" lon="145.38178277201950550079345703125">
        <ele>283.20001220703125</ele>
        <time>2026-03-31T07:57:13.000Z</time>
        <extensions>
          <ns3:TrackPointExtension>
            <ns3:atemp>27.0</ns3:atemp>
            <ns3:hr>117</ns3:hr>
          </ns3:TrackPointExtension>
        </extensions>
      </trkpt>
      <trkpt lat="-38.135452978312969207763671875" lon="145.381715297698974609375">
        <ele>283.600006103515625</ele>
        <time>2026-03-31T07:57:14.000Z</time>
        <extensions>
          <ns3:TrackPointExtension>
            <ns3:atemp>27.0</ns3:atemp>
            <ns3:hr>117</ns3:hr>
          </ns3:TrackPointExtension>
        </extensions>
      </trkpt>
      <trkpt lat="-38.13599168322980403900146484375" lon="145.38147012703120708465576171875">
        <ele>283.399993896484375</ele>
        <time>2026-03-31T07:57:19.000Z</time>
        <extensions>
          <ns3:TrackPointExtension>
            <ns3:atemp>27.0</ns3:atemp>
            <ns3:hr>115</ns3:hr>
          </ns3:TrackPointExtension>
        </extensions>
      </trkpt>
      <trkpt lat="-38.1363384425640106201171875" lon="145.38136451505124568939208984375">
        <ele>282.600006103515625</ele>
        <time>2026-03-31T07:57:22.000Z</time>
        <extensions>
          <ns3:TrackPointExtension>
            <ns3:atemp>27.0</ns3:atemp>
            <ns3:hr>115</ns3:hr>
          </ns3:TrackPointExtension>
        </extensions>
      </trkpt>
      <trkpt lat="-38.13656617887318134307861328125" lon="145.38130500353872776031494140625">
        <ele>282.399993896484375</ele>
        <time>2026-03-31T07:57:24.000Z</time>
        <extensions>
          <ns3:TrackPointExtension>
            <ns3:atemp>27.0</ns3:atemp>
            <ns3:hr>116</ns3:hr>
          </ns3:TrackPointExtension>
        </extensions>
      </trkpt>
      <trkpt lat="-38.137055933475494384765625" lon="145.3811750002205371856689453125">
        <ele>283.79998779296875</ele>
        <time>2026-03-31T07:57:28.000Z</time>
        <extensions>
          <ns3:TrackPointExtension>
            <ns3:atemp>27.0</ns3:atemp>
            <ns3:hr>115</ns3:hr>
          </ns3:TrackPointExtension>
        </extensions>
      </trkpt>
      <trkpt lat="-38.13729465007781982421875" lon="145.3811149857938289642333984375">
        <ele>284.600006103515625</ele>
        <time>2026-03-31T07:57:30.000Z</time>
        <extensions>
          <ns3:TrackPointExtension>
            <ns3:atemp>27.0</ns3:atemp>
            <ns3:hr>115</ns3:hr>
          </ns3:TrackPointExtension>
        </extensions>
      </trkpt>
      <trkpt lat="-38.1374094821512699127197265625" lon="145.38108925335109233856201171875">
        <ele>285.20001220703125</ele>
        <time>2026-03-31T07:57:31.000Z</time>
        <extensions>
          <ns3:TrackPointExtension>
            <ns3:atemp>27.0</ns3:atemp>
            <ns3:hr>115</ns3:hr>
          </ns3:TrackPointExtension>
        </extensions>
      </trkpt>
      <trkpt lat="-38.1377544812858104705810546875" lon="145.380984731018543243408203125">
        <ele>286.399993896484375</ele>
        <time>2026-03-31T07:57:34.000Z</time>
        <extensions>
          <ns3:TrackPointExtension>
            <ns3:atemp>27.0</ns3:atemp>
            <ns3:hr>115</ns3:hr>
          </ns3:TrackPointExtension>
        </extensions>
      </trkpt>
      <trkpt lat="-38.1378721632063388824462890625" lon="145.38096134550869464874267578125">
        <ele>287</ele>
        <time>2026-03-31T07:57:35.000Z</time>
        <extensions>
          <ns3:TrackPointExtension>
            <ns3:atemp>27.0</ns3:atemp>
            <ns3:hr>115</ns3:hr>
          </ns3:TrackPointExtension>
        </extensions>
      </trkpt>
      <trkpt lat="-38.138351775705814361572265625" lon="145.380845256149768829345703125">
        <ele>287.20001220703125</ele>
        <time>2026-03-31T07:57:39.000Z</time>
        <extensions>
          <ns3:TrackPointExtension>
            <ns3:atemp>27.0</ns3:atemp>
            <ns3:hr>115</ns3:hr>
          </ns3:TrackPointExtension>
        </extensions>
      </trkpt>
      <trkpt lat="-38.13860096968710422515869140625" lon="145.38079974241554737091064453125">
        <ele>286.600006103515625</ele>
        <time>2026-03-31T07:57:41.000Z</time>
        <extensions>
          <ns3:TrackPointExtension>
            <ns3:atemp>27.0</ns3:atemp>
            <ns3:hr>116</ns3:hr>
          </ns3:TrackPointExtension>
        </extensions>
      </trkpt>
      <trkpt lat="-38.1390644051134586334228515625" lon="145.3806908614933490753173828125">
        <ele>287.20001220703125</ele>
        <time>2026-03-31T07:57:45.000Z</time>
        <extensions>
          <ns3:TrackPointExtension>
            <ns3:atemp>27.0</ns3:atemp>
            <ns3:hr>119</ns3:hr>
          </ns3:TrackPointExtension>
        </extensions>
      </trkpt>
      <trkpt lat="-38.13931494019925594329833984375" lon="145.38064031861722469329833984375">
        <ele>287.399993896484375</ele>
        <time>2026-03-31T07:57:47.000Z</time>
        <extensions>
          <ns3:TrackPointExtension>
            <ns3:atemp>27.0</ns3:atemp>
            <ns3:hr>120</ns3:hr>
          </ns3:TrackPointExtension>
        </extensions>
      </trkpt>
      <trkpt lat="-38.13943077810108661651611328125" lon="145.380596481263637542724609375">
        <ele>287.600006103515625</ele>
        <time>2026-03-31T07:57:48.000Z</time>
        <extensions>
          <ns3:TrackPointExtension>
            <ns3:atemp>27.0</ns3:atemp>
            <ns3:hr>120</ns3:hr>
          </ns3:TrackPointExtension>
        </extensions>
      </trkpt>
      <trkpt lat="-38.13989438116550445556640625" lon="145.3804092295467853546142578125">
        <ele>287.79998779296875</ele>
        <time>2026-03-31T07:57:52.000Z</time>
        <extensions>
          <ns3:TrackPointExtension>
            <ns3:atemp>27.0</ns3:atemp>
            <ns3:hr>119</ns3:hr>
          </ns3:TrackPointExtension>
        </extensions>
      </trkpt>
      <trkpt lat="-38.1401580758392810821533203125" lon="145.3801681660115718841552734375">
        <ele>288</ele>
        <time>2026-03-31T07:57:55.000Z</time>
        <extensions>
          <ns3:TrackPointExtension>
            <ns3:atemp>27.0</ns3:atemp>
            <ns3:hr>119</ns3:hr>
          </ns3:TrackPointExtension>
        </extensions>
      </trkpt>
      <trkpt lat="-38.1404195912182331085205078125" lon="145.37978486157953739166259765625">
        <ele>287.20001220703125</ele>
        <time>2026-03-31T07:57:59.000Z</time>
        <extensions>
          <ns3:TrackPointExtension>
            <ns3:atemp>27.0</ns3:atemp>
            <ns3:hr>117</ns3:hr>
          </ns3:TrackPointExtension>
        </extensions>
      </trkpt>
      <trkpt lat="-38.14046829007565975189208984375" lon="145.37967338226735591888427734375">
        <ele>287</ele>
        <time>2026-03-31T07:58:00.000Z</time>
        <extensions>
          <ns3:TrackPointExtension>
            <ns3:atemp>27.0</ns3:atemp>
            <ns3:hr>117</ns3:hr>
          </ns3:TrackPointExtension>
        </extensions>
      </trkpt>
      <trkpt lat="-38.1405366025865077972412109375" lon="145.3794764913618564605712890625">
        <ele>287.20001220703125</ele>
        <time>2026-03-31T07:58:02.000Z</time>
        <extensions>
          <ns3:TrackPointExtension>
            <ns3:atemp>27.0</ns3:atemp>
            <ns3:hr>118</ns3:hr>
          </ns3:TrackPointExtension>
        </extensions>
      </trkpt>
      <trkpt lat="-38.14067968167364597320556640625" lon="145.3788756765425205230712890625">
        <ele>287</ele>
        <time>2026-03-31T07:58:08.000Z</time>
        <extensions>
          <ns3:TrackPointExtension>
            <ns3:atemp>27.0</ns3:atemp>
            <ns3:hr>117</ns3:hr>
          </ns3:TrackPointExtension>
        </extensions>
      </trkpt>
      <trkpt lat="-38.140767104923725128173828125" lon="145.378271006047725677490234375">
        <ele>287</ele>
        <time>2026-03-31T07:58:14.000Z</time>
        <extensions>
          <ns3:TrackPointExtension>
            <ns3:atemp>27.0</ns3:atemp>
            <ns3:hr>117</ns3:hr>
          </ns3:TrackPointExtension>
        </extensions>
      </trkpt>
      <trkpt lat="-38.140829466283321380615234375" lon="145.37780287675559520721435546875">
        <ele>286.20001220703125</ele>
        <time>2026-03-31T07:58:19.000Z</time>
        <extensions>
          <ns3:TrackPointExtension>
            <ns3:atemp>27.0</ns3:atemp>
            <ns3:hr>118</ns3:hr>
          </ns3:TrackPointExtension>
        </extensions>
      </trkpt>
      <trkpt lat="-38.14084832556545734405517578125" lon="145.3776106797158718109130859375">
        <ele>286.600006103515625</ele>
        <time>2026-03-31T07:58:21.000Z</time>
        <extensions>
          <ns3:TrackPointExtension>
            <ns3:atemp>27.0</ns3:atemp>
            <ns3:hr>115</ns3:hr>
          </ns3:TrackPointExtension>
        </extensions>
      </trkpt>
      <trkpt lat="-38.140849582850933074951171875" lon="145.37750951014459133148193359375">
        <ele>286.79998779296875</ele>
        <time>2026-03-31T07:58:22.000Z</time>
        <extensions>
          <ns3:TrackPointExtension>
            <ns3:atemp>27.0</ns3:atemp>
            <ns3:hr>116</ns3:hr>
          </ns3:TrackPointExtension>
        </extensions>
      </trkpt>
      <trkpt lat="-38.1408512592315673828125" lon="145.3774252720177173614501953125">
        <ele>287.20001220703125</ele>
        <time>2026-03-31T07:58:23.000Z</time>
        <extensions>
          <ns3:TrackPointExtension>
            <ns3:atemp>27.0</ns3:atemp>
            <ns3:hr>115</ns3:hr>
          </ns3:TrackPointExtension>
        </extensions>
      </trkpt>
      <trkpt lat="-38.14087917096912860870361328125" lon="145.37694758735597133636474609375">
        <ele>286.20001220703125</ele>
        <time>2026-03-31T07:58:28.000Z</time>
        <extensions>
          <ns3:TrackPointExtension>
            <ns3:atemp>27.0</ns3:atemp>
            <ns3:hr>115</ns3:hr>
          </ns3:TrackPointExtension>
        </extensions>
      </trkpt>
      <trkpt lat="-38.1408794224262237548828125" lon="145.37685580551624298095703125">
        <ele>286.399993896484375</ele>
        <time>2026-03-31T07:58:29.000Z</time>
        <extensions>
          <ns3:TrackPointExtension>
            <ns3:atemp>27.0</ns3:atemp>
            <ns3:hr>116</ns3:hr>
          </ns3:TrackPointExtension>
        </extensions>
      </trkpt>
      <trkpt lat="-38.140886127948760986328125" lon="145.3765989840030670166015625">
        <ele>287.600006103515625</ele>
        <time>2026-03-31T07:58:32.000Z</time>
        <extensions>
          <ns3:TrackPointExtension>
            <ns3:atemp>27.0</ns3:atemp>
            <ns3:hr>116</ns3:hr>
          </ns3:TrackPointExtension>
        </extensions>
      </trkpt>
      <trkpt lat="-38.1408809311687946319580078125" lon="145.37613990716636180877685546875">
        <ele>288</ele>
        <time>2026-03-31T07:58:37.000Z</time>
        <extensions>
          <ns3:TrackPointExtension>
            <ns3:atemp>27.0</ns3:atemp>
            <ns3:hr>115</ns3:hr>
          </ns3:TrackPointExtension>
        </extensions>
      </trkpt>
      <trkpt lat="-38.1408745609223842620849609375" lon="145.37596204318106174468994140625">
        <ele>288.79998779296875</ele>
        <time>2026-03-31T07:58:39.000Z</time>
        <extensions>
          <ns3:TrackPointExtension>
            <ns3:atemp>27.0</ns3:atemp>
            <ns3:hr>116</ns3:hr>
          </ns3:TrackPointExtension>
        </extensions>
      </trkpt>
      <trkpt lat="-38.14086668193340301513671875" lon="145.375787280499935150146484375">
        <ele>289</ele>
        <time>2026-03-31T07:58:41.000Z</time>
        <extensions>
          <ns3:TrackPointExtension>
            <ns3:atemp>27.0</ns3:atemp>
            <ns3:hr>113</ns3:hr>
          </ns3:TrackPointExtension>
        </extensions>
      </trkpt>
      <trkpt lat="-38.1408450566232204437255859375" lon="145.37551562301814556121826171875">
        <ele>289.20001220703125</ele>
        <time>2026-03-31T07:58:44.000Z</time>
        <extensions>
          <ns3:TrackPointExtension>
            <ns3:atemp>27.0</ns3:atemp>
            <ns3:hr>114</ns3:hr>
          </ns3:TrackPointExtension>
        </extensions>
      </trkpt>
      <trkpt lat="-38.14080188982188701629638671875" lon="145.3750759921967983245849609375">
        <ele>287.600006103515625</ele>
        <time>2026-03-31T07:58:49.000Z</time>
        <extensions>
          <ns3:TrackPointExtension>
            <ns3:atemp>27.0</ns3:atemp>
            <ns3:hr>114</ns3:hr>
          </ns3:TrackPointExtension>
        </extensions>
      </trkpt>
      <trkpt lat="-38.1407796777784824371337890625" lon="145.37491430528461933135986328125">
        <ele>287.399993896484375</ele>
        <time>2026-03-31T07:58:51.000Z</time>
        <extensions>
          <ns3:TrackPointExtension>
            <ns3:atemp>27.0</ns3:atemp>
            <ns3:hr>113</ns3:hr>
          </ns3:TrackPointExtension>
        </extensions>
      </trkpt>
      <trkpt lat="-38.14070080406963825225830078125" lon="145.3743517957627773284912109375">
        <ele>287</ele>
        <time>2026-03-31T07:58:58.000Z</time>
        <extensions>
          <ns3:TrackPointExtension>
            <ns3:atemp>27.0</ns3:atemp>
            <ns3:hr>113</ns3:hr>
          </ns3:TrackPointExtension>
        </extensions>
      </trkpt>
      <trkpt lat="-38.14065420068800449371337890625" lon="145.37423528730869293212890625">
        <ele>286.399993896484375</ele>
        <time>2026-03-31T07:59:00.000Z</time>
        <extensions>
          <ns3:TrackPointExtension>
            <ns3:atemp>27.0</ns3:atemp>
            <ns3:hr>113</ns3:hr>
          </ns3:TrackPointExtension>
        </extensions>
      </trkpt>
      <trkpt lat="-38.14058027230203151702880859375" lon="145.37405490875244140625">
        <ele>286.79998779296875</ele>
        <time>2026-03-31T07:59:03.000Z</time>
        <extensions>
          <ns3:TrackPointExtension>
            <ns3:atemp>27.0</ns3:atemp>
            <ns3:hr>113</ns3:hr>
          </ns3:TrackPointExtension>
        </extensions>
      </trkpt>
      <trkpt lat="-38.14050349406898021697998046875" lon="145.373952649533748626708984375">
        <ele>286.20001220703125</ele>
        <time>2026-03-31T07:59:05.000Z</time>
        <extensions>
          <ns3:TrackPointExtension>
            <ns3:atemp>27.0</ns3:atemp>
            <ns3:hr>114</ns3:hr>
          </ns3:TrackPointExtension>
        </extensions>
      </trkpt>
      <trkpt lat="-38.140421099960803985595703125" lon="145.37386170588433742523193359375">
        <ele>284.79998779296875</ele>
        <time>2026-03-31T07:59:07.000Z</time>
        <extensions>
          <ns3:TrackPointExtension>
            <ns3:atemp>27.0</ns3:atemp>
            <ns3:hr>116</ns3:hr>
          </ns3:TrackPointExtension>
        </extensions>
      </trkpt>
      <trkpt lat="-38.14032428897917270660400390625" lon="145.373705886304378509521484375">
        <ele>284.79998779296875</ele>
        <time>2026-03-31T07:59:10.000Z</time>
        <extensions>
          <ns3:TrackPointExtension>
            <ns3:atemp>27.0</ns3:atemp>
            <ns3:hr>119</ns3:hr>
          </ns3:TrackPointExtension>
        </extensions>
      </trkpt>
      <trkpt lat="-38.1402237899601459503173828125" lon="145.3735669143497943878173828125">
        <ele>284.79998779296875</ele>
        <time>2026-03-31T07:59:13.000Z</time>
        <extensions>
          <ns3:TrackPointExtension>
            <ns3:atemp>27.0</ns3:atemp>
            <ns3:hr>116</ns3:hr>
          </ns3:TrackPointExtension>
        </extensions>
      </trkpt>
      <trkpt lat="-38.140145838260650634765625" lon="145.37345937453210353851318359375">
        <ele>284.600006103515625</ele>
        <time>2026-03-31T07:59:15.000Z</time>
        <extensions>
          <ns3:TrackPointExtension>
            <ns3:atemp>27.0</ns3:atemp>
            <ns3:hr>116</ns3:hr>
          </ns3:TrackPointExtension>
        </extensions>
      </trkpt>
      <trkpt lat="-38.14003025181591510772705078125" lon="145.37332710810005664825439453125">
        <ele>285.399993896484375</ele>
        <time>2026-03-31T07:59:18.000Z</time>
        <extensions>
          <ns3:TrackPointExtension>
            <ns3:atemp>27.0</ns3:atemp>
            <ns3:hr>118</ns3:hr>
          </ns3:TrackPointExtension>
        </extensions>
      </trkpt>
      <trkpt lat="-38.13995297066867351531982421875" lon="145.37323842756450176239013671875">
        <ele>285.79998779296875</ele>
        <time>2026-03-31T07:59:20.000Z</time>
        <extensions>
          <ns3:TrackPointExtension>
            <ns3:atemp>27.0</ns3:atemp>
            <ns3:hr>119</ns3:hr>
          </ns3:TrackPointExtension>
        </extensions>
      </trkpt>
      <trkpt lat="-38.13983914442360401153564453125" lon="145.37310968153178691864013671875">
        <ele>287</ele>
        <time>2026-03-31T07:59:23.000Z</time>
        <extensions>
          <ns3:TrackPointExtension>
            <ns3:atemp>27.0</ns3:atemp>
            <ns3:hr>119</ns3:hr>
          </ns3:TrackPointExtension>
        </extensions>
      </trkpt>
      <trkpt lat="-38.1397689878940582275390625" lon="145.37301396019756793975830078125">
        <ele>288.20001220703125</ele>
        <time>2026-03-31T07:59:25.000Z</time>
        <extensions>
          <ns3:TrackPointExtension>
            <ns3:atemp>27.0</ns3:atemp>
            <ns3:hr>118</ns3:hr>
          </ns3:TrackPointExtension>
        </extensions>
      </trkpt>
      <trkpt lat="-38.1396565027534961700439453125" lon="145.37288705818355083465576171875">
        <ele>287.79998779296875</ele>
        <time>2026-03-31T07:59:28.000Z</time>
        <extensions>
          <ns3:TrackPointExtension>
            <ns3:atemp>27.0</ns3:atemp>
            <ns3:hr>115</ns3:hr>
          </ns3:TrackPointExtension>
        </extensions>
      </trkpt>
      <trkpt lat="-38.1395441852509975433349609375" lon="145.372738949954509735107421875">
        <ele>289.20001220703125</ele>
        <time>2026-03-31T07:59:31.000Z</time>
        <extensions>
          <ns3:TrackPointExtension>
            <ns3:atemp>27.0</ns3:atemp>
            <ns3:hr>117</ns3:hr>
          </ns3:TrackPointExtension>
        </extensions>
      </trkpt>
      <trkpt lat="-38.1395113281905651092529296875" lon="145.37269393913447856903076171875">
        <ele>291</ele>
        <time>2026-03-31T07:59:32.000Z</time>
        <extensions>
          <ns3:TrackPointExtension>
            <ns3:atemp>27.0</ns3:atemp>
            <ns3:hr>117</ns3:hr>
          </ns3:TrackPointExtension>
        </extensions>
      </trkpt>
      <trkpt lat="-38.1394710950553417205810546875" lon="145.3726606629788875579833984375">
        <ele>293.600006103515625</ele>
        <time>2026-03-31T07:59:33.000Z</time>
        <extensions>
          <ns3:TrackPointExtension>
            <ns3:atemp>27.0</ns3:atemp>
            <ns3:hr>117</ns3:hr>
          </ns3:TrackPointExtension>
        </extensions>
      </trkpt>
      <trkpt lat="-38.1394363939762115478515625" lon="145.37263643927872180938720703125">
        <ele>297.20001220703125</ele>
        <time>2026-03-31T07:59:34.000Z</time>
        <extensions>
          <ns3:TrackPointExtension>
            <ns3:atemp>27.0</ns3:atemp>
            <ns3:hr>117</ns3:hr>
          </ns3:TrackPointExtension>
        </extensions>
      </trkpt>
      <trkpt lat="-38.1393993459641933441162109375" lon="145.37261548452079296112060546875">
        <ele>299</ele>
        <time>2026-03-31T07:59:35.000Z</time>
        <extensions>
          <ns3:TrackPointExtension>
            <ns3:atemp>27.0</ns3:atemp>
            <ns3:hr>117</ns3:hr>
          </ns3:TrackPointExtension>
        </extensions>
      </trkpt>
      <trkpt lat="-38.1393628008663654327392578125" lon="145.3725962899625301361083984375">
        <ele>300.20001220703125</ele>
        <time>2026-03-31T07:59:36.000Z</time>
        <extensions>
          <ns3:TrackPointExtension>
            <ns3:atemp>27.0</ns3:atemp>
            <ns3:hr>117</ns3:hr>
          </ns3:TrackPointExtension>
        </extensions>
      </trkpt>
      <trkpt lat="-38.13932885415852069854736328125" lon="145.37257491610944271087646484375">
        <ele>302</ele>
        <time>2026-03-31T07:59:37.000Z</time>
        <extensions>
          <ns3:TrackPointExtension>
            <ns3:atemp>27.0</ns3:atemp>
            <ns3:hr>117</ns3:hr>
          </ns3:TrackPointExtension>
        </extensions>
      </trkpt>
      <trkpt lat="-38.13929222524166107177734375" lon="145.37255127914249897003173828125">
        <ele>303.600006103515625</ele>
        <time>2026-03-31T07:59:38.000Z</time>
        <extensions>
          <ns3:TrackPointExtension>
            <ns3:atemp>27.0</ns3:atemp>
            <ns3:hr>117</ns3:hr>
          </ns3:TrackPointExtension>
        </extensions>
      </trkpt>
      <trkpt lat="-38.1392538361251354217529296875" lon="145.3725247085094451904296875">
        <ele>305</ele>
        <time>2026-03-31T07:59:39.000Z</time>
        <extensions>
          <ns3:TrackPointExtension>
            <ns3:atemp>27.0</ns3:atemp>
            <ns3:hr>116</ns3:hr>
          </ns3:TrackPointExtension>
        </extensions>
      </trkpt>
      <trkpt lat="-38.13921368680894374847412109375" lon="145.3724947012960910797119140625">
        <ele>306.20001220703125</ele>
        <time>2026-03-31T07:59:40.000Z</time>
        <extensions>
          <ns3:TrackPointExtension>
            <ns3:atemp>27.0</ns3:atemp>
            <ns3:hr>117</ns3:hr>
          </ns3:TrackPointExtension>
        </extensions>
      </trkpt>
      <trkpt lat="-38.1391693465411663055419921875" lon="145.37249377928674221038818359375">
        <ele>307</ele>
        <time>2026-03-31T07:59:41.000Z</time>
        <extensions>
          <ns3:TrackPointExtension>
            <ns3:atemp>27.0</ns3:atemp>
            <ns3:hr>117</ns3:hr>
          </ns3:TrackPointExtension>
        </extensions>
      </trkpt>
      <trkpt lat="-38.13913271762430667877197265625" lon="145.37249394692480564117431640625">
        <ele>307.79998779296875</ele>
        <time>2026-03-31T07:59:42.000Z</time>
        <extensions>
          <ns3:TrackPointExtension>
            <ns3:atemp>27.0</ns3:atemp>
            <ns3:hr>116</ns3:hr>
          </ns3:TrackPointExtension>
        </extensions>
      </trkpt>
      <trkpt lat="-38.13906817696988582611083984375" lon="145.37249042652547359466552734375">
        <ele>310.600006103515625</ele>
        <time>2026-03-31T07:59:44.000Z</time>
        <extensions>
          <ns3:TrackPointExtension>
            <ns3:atemp>27.0</ns3:atemp>
            <ns3:hr>113</ns3:hr>
          </ns3:TrackPointExtension>
        </extensions>
      </trkpt>
      <trkpt lat="-38.1390286982059478759765625" lon="145.3724692203104496002197265625">
        <ele>312.600006103515625</ele>
        <time>2026-03-31T07:59:45.000Z</time>
        <extensions>
          <ns3:TrackPointExtension>
            <ns3:atemp>27.0</ns3:atemp>
            <ns3:hr>112</ns3:hr>
          </ns3:TrackPointExtension>
        </extensions>
      </trkpt>
      <trkpt lat="-38.13899056054651737213134765625" lon="145.372451953589916229248046875">
        <ele>314.79998779296875</ele>
        <time>2026-03-31T07:59:46.000Z</time>
        <extensions>
          <ns3:TrackPointExtension>
            <ns3:atemp>27.0</ns3:atemp>
            <ns3:hr>112</ns3:hr>
          </ns3:TrackPointExtension>
        </extensions>
      </trkpt>
      <trkpt lat="-38.13895317725837230682373046875" lon="145.3724413923919200897216796875">
        <ele>316</ele>
        <time>2026-03-31T07:59:47.000Z</time>
        <extensions>
          <ns3:TrackPointExtension>
            <ns3:atemp>27.0</ns3:atemp>
            <ns3:hr>112</ns3:hr>
          </ns3:TrackPointExtension>
        </extensions>
      </trkpt>
      <trkpt lat="-38.13885175622999668121337890625" lon="145.3724093735218048095703125">
        <ele>316.20001220703125</ele>
        <time>2026-03-31T07:59:50.000Z</time>
        <extensions>
          <ns3:TrackPointExtension>
            <ns3:atemp>27.0</ns3:atemp>
            <ns3:hr>111</ns3:hr>
          </ns3:TrackPointExtension>
        </extensions>
      </trkpt>
      <trkpt lat="-38.1387757323682308197021484375" lon="145.3723530471324920654296875">
        <ele>317</ele>
        <time>2026-03-31T07:59:52.000Z</time>
        <extensions>
          <ns3:TrackPointExtension>
            <ns3:atemp>27.0</ns3:atemp>
            <ns3:hr>108</ns3:hr>
          </ns3:TrackPointExtension>
        </extensions>
      </trkpt>
      <trkpt lat="-38.13866031356155872344970703125" lon="145.3723012469708919525146484375">
        <ele>317.600006103515625</ele>
        <time>2026-03-31T07:59:55.000Z</time>
        <extensions>
          <ns3:TrackPointExtension>
            <ns3:atemp>27.0</ns3:atemp>
            <ns3:hr>104</ns3:hr>
          </ns3:TrackPointExtension>
        </extensions>
      </trkpt>
      <trkpt lat="-38.13862192444503307342529296875" lon="145.3722806274890899658203125">
        <ele>317.79998779296875</ele>
        <time>2026-03-31T07:59:56.000Z</time>
        <extensions>
          <ns3:TrackPointExtension>
            <ns3:atemp>27.0</ns3:atemp>
            <ns3:hr>101</ns3:hr>
          </ns3:TrackPointExtension>
        </extensions>
      </trkpt>
      <trkpt lat="-38.13854078762233257293701171875" lon="145.37222757004201412200927734375">
        <ele>318</ele>
        <time>2026-03-31T07:59:58.000Z</time>
        <extensions>
          <ns3:TrackPointExtension>
            <ns3:atemp>27.0</ns3:atemp>
            <ns3:hr>99</ns3:hr>
          </ns3:TrackPointExtension>
        </extensions>
      </trkpt>
      <trkpt lat="-38.138382621109485626220703125" lon="145.37213704548776149749755859375">
        <ele>319.399993896484375</ele>
        <time>2026-03-31T08:00:02.000Z</time>
        <extensions>
          <ns3:TrackPointExtension>
            <ns3:atemp>27.0</ns3:atemp>
            <ns3:hr>100</ns3:hr>
          </ns3:TrackPointExtension>
        </extensions>
      </trkpt>
      <trkpt lat="-38.13834230415523052215576171875" lon="145.3721161745488643646240234375">
        <ele>319.600006103515625</ele>
        <time>2026-03-31T08:00:03.000Z</time>
        <extensions>
          <ns3:TrackPointExtension>
            <ns3:atemp>27.0</ns3:atemp>
            <ns3:hr>99</ns3:hr>
          </ns3:TrackPointExtension>
        </extensions>
      </trkpt>
      <trkpt lat="-38.1382553838193416595458984375" lon="145.372090525925159454345703125">
        <ele>320</ele>
        <time>2026-03-31T08:00:05.000Z</time>
        <extensions>
          <ns3:TrackPointExtension>
            <ns3:atemp>27.0</ns3:atemp>
            <ns3:hr>105</ns3:hr>
          </ns3:TrackPointExtension>
        </extensions>
      </trkpt>
      <trkpt lat="-38.138175420463085174560546875" lon="145.372050963342189788818359375">
        <ele>320.399993896484375</ele>
        <time>2026-03-31T08:00:07.000Z</time>
        <extensions>
          <ns3:TrackPointExtension>
            <ns3:atemp>27.0</ns3:atemp>
            <ns3:hr>111</ns3:hr>
          </ns3:TrackPointExtension>
        </extensions>
      </trkpt>
      <trkpt lat="-38.13813158310949802398681640625" lon="145.3720243088901042938232421875">
        <ele>320.600006103515625</ele>
        <time>2026-03-31T08:00:08.000Z</time>
        <extensions>
          <ns3:TrackPointExtension>
            <ns3:atemp>27.0</ns3:atemp>
            <ns3:hr>114</ns3:hr>
          </ns3:TrackPointExtension>
        </extensions>
      </trkpt>
      <trkpt lat="-38.13809017650783061981201171875" lon="145.37201584316790103912353515625">
        <ele>321.20001220703125</ele>
        <time>2026-03-31T08:00:09.000Z</time>
        <extensions>
          <ns3:TrackPointExtension>
            <ns3:atemp>27.0</ns3:atemp>
            <ns3:hr>117</ns3:hr>
          </ns3:TrackPointExtension>
        </extensions>
      </trkpt>
      <trkpt lat="-38.13804793171584606170654296875" lon="145.372013412415981292724609375">
        <ele>321.79998779296875</ele>
        <time>2026-03-31T08:00:10.000Z</time>
        <extensions>
          <ns3:TrackPointExtension>
            <ns3:atemp>27.0</ns3:atemp>
            <ns3:hr>118</ns3:hr>
          </ns3:TrackPointExtension>
        </extensions>
      </trkpt>
      <trkpt lat="-38.13796360976994037628173828125" lon="145.37198717705905437469482421875">
        <ele>323</ele>
        <time>2026-03-31T08:00:12.000Z</time>
        <extensions>
          <ns3:TrackPointExtension>
            <ns3:atemp>27.0</ns3:atemp>
            <ns3:hr>121</ns3:hr>
          </ns3:TrackPointExtension>
        </extensions>
      </trkpt>
      <trkpt lat="-38.1378017552196979522705078125" lon="145.3719539009034633636474609375">
        <ele>324.20001220703125</ele>
        <time>2026-03-31T08:00:16.000Z</time>
        <extensions>
          <ns3:TrackPointExtension>
            <ns3:atemp>27.0</ns3:atemp>
            <ns3:hr>123</ns3:hr>
          </ns3:TrackPointExtension>
        </extensions>
      </trkpt>
      <trkpt lat="-38.1377286650240421295166015625" lon="145.3719488717615604400634765625">
        <ele>326</ele>
        <time>2026-03-31T08:00:18.000Z</time>
        <extensions>
          <ns3:TrackPointExtension>
            <ns3:atemp>27.0</ns3:atemp>
            <ns3:hr>123</ns3:hr>
          </ns3:TrackPointExtension>
        </extensions>
      </trkpt>
      <trkpt lat="-38.1376956403255462646484375" lon="145.371940322220325469970703125">
        <ele>327.20001220703125</ele>
        <time>2026-03-31T08:00:19.000Z</time>
        <extensions>
          <ns3:TrackPointExtension>
            <ns3:atemp>27.0</ns3:atemp>
            <ns3:hr>122</ns3:hr>
          </ns3:TrackPointExtension>
        </extensions>
      </trkpt>
      <trkpt lat="-38.13764878548681735992431640625" lon="145.37192313931882381439208984375">
        <ele>327.600006103515625</ele>
        <time>2026-03-31T08:00:20.000Z</time>
        <extensions>
          <ns3:TrackPointExtension>
            <ns3:atemp>27.0</ns3:atemp>
            <ns3:hr>123</ns3:hr>
          </ns3:TrackPointExtension>
        </extensions>
      </trkpt>
      <trkpt lat="-38.13756664283573627471923828125" lon="145.3719287551939487457275390625">
        <ele>328.399993896484375</ele>
        <time>2026-03-31T08:00:22.000Z</time>
        <extensions>
          <ns3:TrackPointExtension>
            <ns3:atemp>27.0</ns3:atemp>
            <ns3:hr>122</ns3:hr>
          </ns3:TrackPointExtension>
        </extensions>
      </trkpt>
      <trkpt lat="-38.13744812272489070892333984375" lon="145.37190319038927555084228515625">
        <ele>328.79998779296875</ele>
        <time>2026-03-31T08:00:25.000Z</time>
        <extensions>
          <ns3:TrackPointExtension>
            <ns3:atemp>27.0</ns3:atemp>
            <ns3:hr>122</ns3:hr>
          </ns3:TrackPointExtension>
        </extensions>
      </trkpt>
      <trkpt lat="-38.13736665062606334686279296875" lon="145.37188592366874217987060546875">
        <ele>329.600006103515625</ele>
        <time>2026-03-31T08:00:27.000Z</time>
        <extensions>
          <ns3:TrackPointExtension>
            <ns3:atemp>27.0</ns3:atemp>
            <ns3:hr>122</ns3:hr>
          </ns3:TrackPointExtension>
        </extensions>
      </trkpt>
      <trkpt lat="-38.13724461011588573455810546875" lon="145.371858514845371246337890625">
        <ele>330.79998779296875</ele>
        <time>2026-03-31T08:00:30.000Z</time>
        <extensions>
          <ns3:TrackPointExtension>
            <ns3:atemp>27.0</ns3:atemp>
            <ns3:hr>121</ns3:hr>
          </ns3:TrackPointExtension>
        </extensions>
      </trkpt>
      <trkpt lat="-38.13712609000504016876220703125" lon="145.371820628643035888671875">
        <ele>332</ele>
        <time>2026-03-31T08:00:33.000Z</time>
        <extensions>
          <ns3:TrackPointExtension>
            <ns3:atemp>27.0</ns3:atemp>
            <ns3:hr>118</ns3:hr>
          </ns3:TrackPointExtension>
        </extensions>
      </trkpt>
      <trkpt lat="-38.1368998624384403228759765625" lon="145.3717282600700855255126953125">
        <ele>333.20001220703125</ele>
        <time>2026-03-31T08:00:39.000Z</time>
        <extensions>
          <ns3:TrackPointExtension>
            <ns3:atemp>27.0</ns3:atemp>
            <ns3:hr>117</ns3:hr>
          </ns3:TrackPointExtension>
        </extensions>
      </trkpt>
      <trkpt lat="-38.13685032539069652557373046875" lon="145.37170705385506153106689453125">
        <ele>334.399993896484375</ele>
        <time>2026-03-31T08:00:41.000Z</time>
        <extensions>
          <ns3:TrackPointExtension>
            <ns3:atemp>27.0</ns3:atemp>
            <ns3:hr>117</ns3:hr>
          </ns3:TrackPointExtension>
        </extensions>
      </trkpt>
      <trkpt lat="-38.13678301870822906494140625" lon="145.371688194572925567626953125">
        <ele>335.600006103515625</ele>
        <time>2026-03-31T08:00:43.000Z</time>
        <extensions>
          <ns3:TrackPointExtension>
            <ns3:atemp>27.0</ns3:atemp>
            <ns3:hr>118</ns3:hr>
          </ns3:TrackPointExtension>
        </extensions>
      </trkpt>
      <trkpt lat="-38.13663742505013942718505859375" lon="145.37166841328144073486328125">
        <ele>336.20001220703125</ele>
        <time>2026-03-31T08:00:47.000Z</time>
        <extensions>
          <ns3:TrackPointExtension>
            <ns3:atemp>27.0</ns3:atemp>
            <ns3:hr>119</ns3:hr>
          </ns3:TrackPointExtension>
        </extensions>
      </trkpt>
      <trkpt lat="-38.13653223216533660888671875" lon="145.3716598637402057647705078125">
        <ele>334.20001220703125</ele>
        <time>2026-03-31T08:00:50.000Z</time>
        <extensions>
          <ns3:TrackPointExtension>
            <ns3:atemp>27.0</ns3:atemp>
            <ns3:hr>119</ns3:hr>
          </ns3:TrackPointExtension>
        </extensions>
      </trkpt>
      <trkpt lat="-38.1364961899816989898681640625" lon="145.371659360826015472412109375">
        <ele>333</ele>
        <time>2026-03-31T08:00:51.000Z</time>
        <extensions>
          <ns3:TrackPointExtension>
            <ns3:atemp>26.0</ns3:atemp>
            <ns3:hr>119</ns3:hr>
          </ns3:TrackPointExtension>
        </extensions>
      </trkpt>
      <trkpt lat="-38.136459477245807647705078125" lon="145.3716635517776012420654296875">
        <ele>331.79998779296875</ele>
        <time>2026-03-31T08:00:52.000Z</time>
        <extensions>
          <ns3:TrackPointExtension>
            <ns3:atemp>27.0</ns3:atemp>
            <ns3:hr>120</ns3:hr>
          </ns3:TrackPointExtension>
        </extensions>
      </trkpt>
      <trkpt lat="-38.13641983084380626678466796875" lon="145.37166464142501354217529296875">
        <ele>330.600006103515625</ele>
        <time>2026-03-31T08:00:53.000Z</time>
        <extensions>
          <ns3:TrackPointExtension>
            <ns3:atemp>26.0</ns3:atemp>
            <ns3:hr>120</ns3:hr>
          </ns3:TrackPointExtension>
        </extensions>
      </trkpt>
      <trkpt lat="-38.13638295046985149383544921875" lon="145.371657349169254302978515625">
        <ele>329.399993896484375</ele>
        <time>2026-03-31T08:00:54.000Z</time>
        <extensions>
          <ns3:TrackPointExtension>
            <ns3:atemp>27.0</ns3:atemp>
            <ns3:hr>120</ns3:hr>
          </ns3:TrackPointExtension>
        </extensions>
      </trkpt>
      <trkpt lat="-38.13634221442043781280517578125" lon="145.37164972163736820220947265625">
        <ele>328.399993896484375</ele>
        <time>2026-03-31T08:00:55.000Z</time>
        <extensions>
          <ns3:TrackPointExtension>
            <ns3:atemp>26.0</ns3:atemp>
            <ns3:hr>120</ns3:hr>
          </ns3:TrackPointExtension>
        </extensions>
      </trkpt>
      <trkpt lat="-38.13626342453062534332275390625" lon="145.3716484643518924713134765625">
        <ele>326.399993896484375</ele>
        <time>2026-03-31T08:00:57.000Z</time>
        <extensions>
          <ns3:TrackPointExtension>
            <ns3:atemp>26.0</ns3:atemp>
            <ns3:hr>119</ns3:hr>
          </ns3:TrackPointExtension>
        </extensions>
      </trkpt>
      <trkpt lat="-38.1361813656985759735107421875" lon="145.37164972163736820220947265625">
        <ele>325.20001220703125</ele>
        <time>2026-03-31T08:00:59.000Z</time>
        <extensions>
          <ns3:TrackPointExtension>
            <ns3:atemp>26.0</ns3:atemp>
            <ns3:hr>118</ns3:hr>
          </ns3:TrackPointExtension>
        </extensions>
      </trkpt>
      <trkpt lat="-38.13614440150558948516845703125" lon="145.37164133973419666290283203125">
        <ele>324.600006103515625</ele>
        <time>2026-03-31T08:01:00.000Z</time>
        <extensions>
          <ns3:TrackPointExtension>
            <ns3:atemp>26.0</ns3:atemp>
            <ns3:hr>119</ns3:hr>
          </ns3:TrackPointExtension>
        </extensions>
      </trkpt>
      <trkpt lat="-38.13606007955968379974365234375" lon="145.37159599363803863525390625">
        <ele>324</ele>
        <time>2026-03-31T08:01:02.000Z</time>
        <extensions>
          <ns3:TrackPointExtension>
            <ns3:atemp>26.0</ns3:atemp>
            <ns3:hr>119</ns3:hr>
          </ns3:TrackPointExtension>
        </extensions>
      </trkpt>
      <trkpt lat="-38.1359728239476680755615234375" lon="145.37157453596591949462890625">
        <ele>323.600006103515625</ele>
        <time>2026-03-31T08:01:04.000Z</time>
        <extensions>
          <ns3:TrackPointExtension>
            <ns3:atemp>26.0</ns3:atemp>
            <ns3:hr>120</ns3:hr>
          </ns3:TrackPointExtension>
        </extensions>
      </trkpt>
      <trkpt lat="-38.1359322555363178253173828125" lon="145.371559448540210723876953125">
        <ele>322.79998779296875</ele>
        <time>2026-03-31T08:01:05.000Z</time>
        <extensions>
          <ns3:TrackPointExtension>
            <ns3:atemp>26.0</ns3:atemp>
            <ns3:hr>120</ns3:hr>
          </ns3:TrackPointExtension>
        </extensions>
      </trkpt>
      <trkpt lat="-38.13585388474166393280029296875" lon="145.37152491509914398193359375">
        <ele>321.20001220703125</ele>
        <time>2026-03-31T08:01:07.000Z</time>
        <extensions>
          <ns3:TrackPointExtension>
            <ns3:atemp>26.0</ns3:atemp>
            <ns3:hr>120</ns3:hr>
          </ns3:TrackPointExtension>
        </extensions>
      </trkpt>
      <trkpt lat="-38.13580996356904506683349609375" lon="145.3714989311993122100830078125">
        <ele>320.20001220703125</ele>
        <time>2026-03-31T08:01:08.000Z</time>
        <extensions>
          <ns3:TrackPointExtension>
            <ns3:atemp>26.0</ns3:atemp>
            <ns3:hr>120</ns3:hr>
          </ns3:TrackPointExtension>
        </extensions>
      </trkpt>
      <trkpt lat="-38.1357706524431705474853515625" lon="145.3714643977582454681396484375">
        <ele>319.399993896484375</ele>
        <time>2026-03-31T08:01:09.000Z</time>
        <extensions>
          <ns3:TrackPointExtension>
            <ns3:atemp>26.0</ns3:atemp>
            <ns3:hr>116</ns3:hr>
          </ns3:TrackPointExtension>
        </extensions>
      </trkpt>
      <trkpt lat="-38.1357243843376636505126953125" lon="145.3714348934590816497802734375">
        <ele>318.600006103515625</ele>
        <time>2026-03-31T08:01:10.000Z</time>
        <extensions>
          <ns3:TrackPointExtension>
            <ns3:atemp>26.0</ns3:atemp>
            <ns3:hr>106</ns3:hr>
          </ns3:TrackPointExtension>
        </extensions>
      </trkpt>
      <trkpt lat="-38.13568088226020336151123046875" lon="145.3714104183018207550048828125">
        <ele>317.79998779296875</ele>
        <time>2026-03-31T08:01:11.000Z</time>
        <extensions>
          <ns3:TrackPointExtension>
            <ns3:atemp>26.0</ns3:atemp>
            <ns3:hr>98</ns3:hr>
          </ns3:TrackPointExtension>
        </extensions>
      </trkpt>
      <trkpt lat="-38.13563863746821880340576171875" lon="145.3713775612413883209228515625">
        <ele>317</ele>
        <time>2026-03-31T08:01:12.000Z</time>
        <extensions>
          <ns3:TrackPointExtension>
            <ns3:atemp>26.0</ns3:atemp>
            <ns3:hr>95</ns3:hr>
          </ns3:TrackPointExtension>
        </extensions>
      </trkpt>
      <trkpt lat="-38.1355889327824115753173828125" lon="145.37134445272386074066162109375">
        <ele>316.399993896484375</ele>
        <time>2026-03-31T08:01:13.000Z</time>
        <extensions>
          <ns3:TrackPointExtension>
            <ns3:atemp>26.0</ns3:atemp>
            <ns3:hr>107</ns3:hr>
          </ns3:TrackPointExtension>
        </extensions>
      </trkpt>
      <trkpt lat="-38.135535456240177154541015625" lon="145.371311008930206298828125">
        <ele>316.399993896484375</ele>
        <time>2026-03-31T08:01:14.000Z</time>
        <extensions>
          <ns3:TrackPointExtension>
            <ns3:atemp>26.0</ns3:atemp>
            <ns3:hr>117</ns3:hr>
          </ns3:TrackPointExtension>
        </extensions>
      </trkpt>
      <trkpt lat="-38.13544593751430511474609375" lon="145.371257700026035308837890625">
        <ele>316.20001220703125</ele>
        <time>2026-03-31T08:01:16.000Z</time>
        <extensions>
          <ns3:TrackPointExtension>
            <ns3:atemp>26.0</ns3:atemp>
            <ns3:hr>119</ns3:hr>
          </ns3:TrackPointExtension>
        </extensions>
      </trkpt>
      <trkpt lat="-38.13535314984619617462158203125" lon="145.37119491957128047943115234375">
        <ele>316.20001220703125</ele>
        <time>2026-03-31T08:01:18.000Z</time>
        <extensions>
          <ns3:TrackPointExtension>
            <ns3:atemp>26.0</ns3:atemp>
            <ns3:hr>119</ns3:hr>
          </ns3:TrackPointExtension>
        </extensions>
      </trkpt>
      <trkpt lat="-38.13531559891998767852783203125" lon="145.37114932201802730560302734375">
        <ele>316</ele>
        <time>2026-03-31T08:01:19.000Z</time>
        <extensions>
          <ns3:TrackPointExtension>
            <ns3:atemp>26.0</ns3:atemp>
            <ns3:hr>118</ns3:hr>
          </ns3:TrackPointExtension>
        </extensions>
      </trkpt>
      <trkpt lat="-38.13524519093334674835205078125" lon="145.37105846218764781951904296875">
        <ele>315.79998779296875</ele>
        <time>2026-03-31T08:01:21.000Z</time>
        <extensions>
          <ns3:TrackPointExtension>
            <ns3:atemp>26.0</ns3:atemp>
            <ns3:hr>116</ns3:hr>
          </ns3:TrackPointExtension>
        </extensions>
      </trkpt>
      <trkpt lat="-38.13506414182484149932861328125" lon="145.37079208530485630035400390625">
        <ele>315.399993896484375</ele>
        <time>2026-03-31T08:01:26.000Z</time>
        <extensions>
          <ns3:TrackPointExtension>
            <ns3:atemp>26.0</ns3:atemp>
            <ns3:hr>115</ns3:hr>
          </ns3:TrackPointExtension>
        </extensions>
      </trkpt>
      <trkpt lat="-38.1349978409707546234130859375" lon="145.370681025087833404541015625">
        <ele>315.399993896484375</ele>
        <time>2026-03-31T08:01:28.000Z</time>
        <extensions>
          <ns3:TrackPointExtension>
            <ns3:atemp>26.0</ns3:atemp>
            <ns3:hr>118</ns3:hr>
          </ns3:TrackPointExtension>
        </extensions>
      </trkpt>
      <trkpt lat="-38.13496179878711700439453125" lon="145.370622016489505767822265625">
        <ele>314.600006103515625</ele>
        <time>2026-03-31T08:01:29.000Z</time>
        <extensions>
          <ns3:TrackPointExtension>
            <ns3:atemp>26.0</ns3:atemp>
            <ns3:hr>119</ns3:hr>
          </ns3:TrackPointExtension>
        </extensions>
      </trkpt>
      <trkpt lat="-38.13488929532468318939208984375" lon="145.37050165235996246337890625">
        <ele>313.20001220703125</ele>
        <time>2026-03-31T08:01:31.000Z</time>
        <extensions>
          <ns3:TrackPointExtension>
            <ns3:atemp>26.0</ns3:atemp>
            <ns3:hr>119</ns3:hr>
          </ns3:TrackPointExtension>
        </extensions>
      </trkpt>
      <trkpt lat="-38.13485442660748958587646484375" lon="145.37044423632323741912841796875">
        <ele>311.79998779296875</ele>
        <time>2026-03-31T08:01:32.000Z</time>
        <extensions>
          <ns3:TrackPointExtension>
            <ns3:atemp>26.0</ns3:atemp>
            <ns3:hr>118</ns3:hr>
          </ns3:TrackPointExtension>
        </extensions>
      </trkpt>
      <trkpt lat="-38.1348154507577419281005859375" lon="145.370388664305210113525390625">
        <ele>311.399993896484375</ele>
        <time>2026-03-31T08:01:33.000Z</time>
        <extensions>
          <ns3:TrackPointExtension>
            <ns3:atemp>26.0</ns3:atemp>
            <ns3:hr>118</ns3:hr>
          </ns3:TrackPointExtension>
        </extensions>
      </trkpt>
      <trkpt lat="-38.134740181267261505126953125" lon="145.370271988213062286376953125">
        <ele>310.79998779296875</ele>
        <time>2026-03-31T08:01:35.000Z</time>
        <extensions>
          <ns3:TrackPointExtension>
            <ns3:atemp>26.0</ns3:atemp>
            <ns3:hr>123</ns3:hr>
          </ns3:TrackPointExtension>
        </extensions>
      </trkpt>
      <trkpt lat="-38.13466231338679790496826171875" lon="145.3701605089008808135986328125">
        <ele>309.600006103515625</ele>
        <time>2026-03-31T08:01:37.000Z</time>
        <extensions>
          <ns3:TrackPointExtension>
            <ns3:atemp>26.0</ns3:atemp>
            <ns3:hr>125</ns3:hr>
          </ns3:TrackPointExtension>
        </extensions>
      </trkpt>
      <trkpt lat="-38.1345160491764545440673828125" lon="145.36993579007685184478759765625">
        <ele>307</ele>
        <time>2026-03-31T08:01:41.000Z</time>
        <extensions>
          <ns3:TrackPointExtension>
            <ns3:atemp>26.0</ns3:atemp>
            <ns3:hr>121</ns3:hr>
          </ns3:TrackPointExtension>
        </extensions>
      </trkpt>
      <trkpt lat="-38.13441655598580837249755859375" lon="145.36978089250624179840087890625">
        <ele>305.600006103515625</ele>
        <time>2026-03-31T08:01:44.000Z</time>
        <extensions>
          <ns3:TrackPointExtension>
            <ns3:atemp>26.0</ns3:atemp>
            <ns3:hr>120</ns3:hr>
          </ns3:TrackPointExtension>
        </extensions>
      </trkpt>
      <trkpt lat="-38.1343536078929901123046875" lon="145.369677878916263580322265625">
        <ele>304.399993896484375</ele>
        <time>2026-03-31T08:01:46.000Z</time>
        <extensions>
          <ns3:TrackPointExtension>
            <ns3:atemp>26.0</ns3:atemp>
            <ns3:hr>120</ns3:hr>
          </ns3:TrackPointExtension>
        </extensions>
      </trkpt>
      <trkpt lat="-38.1343014724552631378173828125" lon="145.3695311956107616424560546875">
        <ele>303</ele>
        <time>2026-03-31T08:01:48.000Z</time>
        <extensions>
          <ns3:TrackPointExtension>
            <ns3:atemp>26.0</ns3:atemp>
            <ns3:hr>119</ns3:hr>
          </ns3:TrackPointExtension>
        </extensions>
      </trkpt>
      <trkpt lat="-38.13425076194107532501220703125" lon="145.3694037906825542449951171875">
        <ele>301.79998779296875</ele>
        <time>2026-03-31T08:01:50.000Z</time>
        <extensions>
          <ns3:TrackPointExtension>
            <ns3:atemp>26.0</ns3:atemp>
            <ns3:hr>119</ns3:hr>
          </ns3:TrackPointExtension>
        </extensions>
      </trkpt>
      <trkpt lat="-38.13422075472772121429443359375" lon="145.3693488053977489471435546875">
        <ele>301.20001220703125</ele>
        <time>2026-03-31T08:01:51.000Z</time>
        <extensions>
          <ns3:TrackPointExtension>
            <ns3:atemp>26.0</ns3:atemp>
            <ns3:hr>119</ns3:hr>
          </ns3:TrackPointExtension>
        </extensions>
      </trkpt>
      <trkpt lat="-38.13419426791369915008544921875" lon="145.3692931495606899261474609375">
        <ele>300.600006103515625</ele>
        <time>2026-03-31T08:01:52.000Z</time>
        <extensions>
          <ns3:TrackPointExtension>
            <ns3:atemp>26.0</ns3:atemp>
            <ns3:hr>119</ns3:hr>
          </ns3:TrackPointExtension>
        </extensions>
      </trkpt>
      <trkpt lat="-38.13414883799850940704345703125" lon="145.369162894785404205322265625">
        <ele>299.20001220703125</ele>
        <time>2026-03-31T08:01:54.000Z</time>
        <extensions>
          <ns3:TrackPointExtension>
            <ns3:atemp>26.0</ns3:atemp>
            <ns3:hr>119</ns3:hr>
          </ns3:TrackPointExtension>
        </extensions>
      </trkpt>
      <trkpt lat="-38.13411799259483814239501953125" lon="145.3690329752862453460693359375">
        <ele>297.600006103515625</ele>
        <time>2026-03-31T08:01:56.000Z</time>
        <extensions>
          <ns3:TrackPointExtension>
            <ns3:atemp>26.0</ns3:atemp>
            <ns3:hr>119</ns3:hr>
          </ns3:TrackPointExtension>
        </extensions>
      </trkpt>
      <trkpt lat="-38.13407666981220245361328125" lon="145.36888536997139453887939453125">
        <ele>296.20001220703125</ele>
        <time>2026-03-31T08:01:58.000Z</time>
        <extensions>
          <ns3:TrackPointExtension>
            <ns3:atemp>26.0</ns3:atemp>
            <ns3:hr>119</ns3:hr>
          </ns3:TrackPointExtension>
        </extensions>
      </trkpt>
      <trkpt lat="-38.13404674641788005828857421875" lon="145.368710272014141082763671875">
        <ele>294.79998779296875</ele>
        <time>2026-03-31T08:02:00.000Z</time>
        <extensions>
          <ns3:TrackPointExtension>
            <ns3:atemp>26.0</ns3:atemp>
            <ns3:hr>119</ns3:hr>
          </ns3:TrackPointExtension>
        </extensions>
      </trkpt>
      <trkpt lat="-38.13403165899217128753662109375" lon="145.36862184293568134307861328125">
        <ele>294.600006103515625</ele>
        <time>2026-03-31T08:02:01.000Z</time>
        <extensions>
          <ns3:TrackPointExtension>
            <ns3:atemp>26.0</ns3:atemp>
            <ns3:hr>118</ns3:hr>
          </ns3:TrackPointExtension>
        </extensions>
      </trkpt>
      <trkpt lat="-38.133988492190837860107421875" lon="145.3683966211974620819091796875">
        <ele>294.79998779296875</ele>
        <time>2026-03-31T08:02:04.000Z</time>
        <extensions>
          <ns3:TrackPointExtension>
            <ns3:atemp>26.0</ns3:atemp>
            <ns3:hr>112</ns3:hr>
          </ns3:TrackPointExtension>
        </extensions>
      </trkpt>
      <trkpt lat="-38.1339755840599536895751953125" lon="145.36831322126090526580810546875">
        <ele>295.20001220703125</ele>
        <time>2026-03-31T08:02:05.000Z</time>
        <extensions>
          <ns3:TrackPointExtension>
            <ns3:atemp>26.0</ns3:atemp>
            <ns3:hr>112</ns3:hr>
          </ns3:TrackPointExtension>
        </extensions>
      </trkpt>
      <trkpt lat="-38.1339621730148792266845703125" lon="145.36823384463787078857421875">
        <ele>295.20001220703125</ele>
        <time>2026-03-31T08:02:06.000Z</time>
        <extensions>
          <ns3:TrackPointExtension>
            <ns3:atemp>26.0</ns3:atemp>
            <ns3:hr>112</ns3:hr>
          </ns3:TrackPointExtension>
        </extensions>
      </trkpt>
      <trkpt lat="-38.133873157203197479248046875" lon="145.36785573698580265045166015625">
        <ele>294.600006103515625</ele>
        <time>2026-03-31T08:02:11.000Z</time>
        <extensions>
          <ns3:TrackPointExtension>
            <ns3:atemp>26.0</ns3:atemp>
            <ns3:hr>116</ns3:hr>
          </ns3:TrackPointExtension>
        </extensions>
      </trkpt>
      <trkpt lat="-38.133855052292346954345703125" lon="145.3677844069898128509521484375">
        <ele>294.79998779296875</ele>
        <time>2026-03-31T08:02:12.000Z</time>
        <extensions>
          <ns3:TrackPointExtension>
            <ns3:atemp>26.0</ns3:atemp>
            <ns3:hr>117</ns3:hr>
          </ns3:TrackPointExtension>
        </extensions>
      </trkpt>
      <trkpt lat="-38.1338320858776569366455078125" lon="145.367625989019870758056640625">
        <ele>295</ele>
        <time>2026-03-31T08:02:14.000Z</time>
        <extensions>
          <ns3:TrackPointExtension>
            <ns3:atemp>26.0</ns3:atemp>
            <ns3:hr>120</ns3:hr>
          </ns3:TrackPointExtension>
        </extensions>
      </trkpt>
      <trkpt lat="-38.13383870758116245269775390625" lon="145.367381237447261810302734375">
        <ele>295.79998779296875</ele>
        <time>2026-03-31T08:02:17.000Z</time>
        <extensions>
          <ns3:TrackPointExtension>
            <ns3:atemp>26.0</ns3:atemp>
            <ns3:hr>122</ns3:hr>
          </ns3:TrackPointExtension>
        </extensions>
      </trkpt>
      <trkpt lat="-38.13384189270436763763427734375" lon="145.3669519163668155670166015625">
        <ele>293.79998779296875</ele>
        <time>2026-03-31T08:02:22.000Z</time>
        <extensions>
          <ns3:TrackPointExtension>
            <ns3:atemp>26.0</ns3:atemp>
            <ns3:hr>123</ns3:hr>
          </ns3:TrackPointExtension>
        </extensions>
      </trkpt>
      <trkpt lat="-38.13383552245795726776123046875" lon="145.366865582764148712158203125">
        <ele>294</ele>
        <time>2026-03-31T08:02:23.000Z</time>
        <extensions>
          <ns3:TrackPointExtension>
            <ns3:atemp>26.0</ns3:atemp>
            <ns3:hr>123</ns3:hr>
          </ns3:TrackPointExtension>
        </extensions>
      </trkpt>
      <trkpt lat="-38.13382177613675594329833984375" lon="145.36669249646365642547607421875">
        <ele>294.399993896484375</ele>
        <time>2026-03-31T08:02:25.000Z</time>
        <extensions>
          <ns3:TrackPointExtension>
            <ns3:atemp>26.0</ns3:atemp>
            <ns3:hr>120</ns3:hr>
          </ns3:TrackPointExtension>
        </extensions>
      </trkpt>
      <trkpt lat="-38.13380652107298374176025390625" lon="145.366534329950809478759765625">
        <ele>294.399993896484375</ele>
        <time>2026-03-31T08:02:27.000Z</time>
        <extensions>
          <ns3:TrackPointExtension>
            <ns3:atemp>26.0</ns3:atemp>
            <ns3:hr>117</ns3:hr>
          </ns3:TrackPointExtension>
        </extensions>
      </trkpt>
      <trkpt lat="-38.1337915174663066864013671875" lon="145.36637566052377223968505859375">
        <ele>293.79998779296875</ele>
        <time>2026-03-31T08:02:29.000Z</time>
        <extensions>
          <ns3:TrackPointExtension>
            <ns3:atemp>26.0</ns3:atemp>
            <ns3:hr>117</ns3:hr>
          </ns3:TrackPointExtension>
        </extensions>
      </trkpt>
      <trkpt lat="-38.13376662321388721466064453125" lon="145.36615085788071155548095703125">
        <ele>293.399993896484375</ele>
        <time>2026-03-31T08:02:32.000Z</time>
        <extensions>
          <ns3:TrackPointExtension>
            <ns3:atemp>26.0</ns3:atemp>
            <ns3:hr>119</ns3:hr>
          </ns3:TrackPointExtension>
        </extensions>
      </trkpt>
      <trkpt lat="-38.133762516081333160400390625" lon="145.36601959727704524993896484375">
        <ele>293.20001220703125</ele>
        <time>2026-03-31T08:02:34.000Z</time>
        <extensions>
          <ns3:TrackPointExtension>
            <ns3:atemp>26.0</ns3:atemp>
            <ns3:hr>119</ns3:hr>
          </ns3:TrackPointExtension>
        </extensions>
      </trkpt>
      <trkpt lat="-38.13374902121722698211669921875" lon="145.36595053039491176605224609375">
        <ele>292.79998779296875</ele>
        <time>2026-03-31T08:02:35.000Z</time>
        <extensions>
          <ns3:TrackPointExtension>
            <ns3:atemp>26.0</ns3:atemp>
            <ns3:hr>120</ns3:hr>
          </ns3:TrackPointExtension>
        </extensions>
      </trkpt>
      <trkpt lat="-38.13373594544827938079833984375" lon="145.36580108106136322021484375">
        <ele>291.20001220703125</ele>
        <time>2026-03-31T08:02:37.000Z</time>
        <extensions>
          <ns3:TrackPointExtension>
            <ns3:atemp>26.0</ns3:atemp>
            <ns3:hr>121</ns3:hr>
          </ns3:TrackPointExtension>
        </extensions>
      </trkpt>
      <trkpt lat="-38.1337286531925201416015625" lon="145.365718938410282135009765625">
        <ele>290.20001220703125</ele>
        <time>2026-03-31T08:02:38.000Z</time>
        <extensions>
          <ns3:TrackPointExtension>
            <ns3:atemp>26.0</ns3:atemp>
            <ns3:hr>122</ns3:hr>
          </ns3:TrackPointExtension>
        </extensions>
      </trkpt>
      <trkpt lat="-38.13371415250003337860107421875" lon="145.3655670583248138427734375">
        <ele>288.20001220703125</ele>
        <time>2026-03-31T08:02:40.000Z</time>
        <extensions>
          <ns3:TrackPointExtension>
            <ns3:atemp>26.0</ns3:atemp>
            <ns3:hr>122</ns3:hr>
          </ns3:TrackPointExtension>
        </extensions>
      </trkpt>
      <trkpt lat="-38.13367559574544429779052734375" lon="145.36534116603434085845947265625">
        <ele>286.79998779296875</ele>
        <time>2026-03-31T08:02:43.000Z</time>
        <extensions>
          <ns3:TrackPointExtension>
            <ns3:atemp>26.0</ns3:atemp>
            <ns3:hr>121</ns3:hr>
          </ns3:TrackPointExtension>
        </extensions>
      </trkpt>
      <trkpt lat="-38.13365162350237369537353515625" lon="145.365193895995616912841796875">
        <ele>285.399993896484375</ele>
        <time>2026-03-31T08:02:45.000Z</time>
        <extensions>
          <ns3:TrackPointExtension>
            <ns3:atemp>26.0</ns3:atemp>
            <ns3:hr>117</ns3:hr>
          </ns3:TrackPointExtension>
        </extensions>
      </trkpt>
      <trkpt lat="-38.13364307396113872528076171875" lon="145.36512491293251514434814453125">
        <ele>284.399993896484375</ele>
        <time>2026-03-31T08:02:46.000Z</time>
        <extensions>
          <ns3:TrackPointExtension>
            <ns3:atemp>26.0</ns3:atemp>
            <ns3:hr>115</ns3:hr>
          </ns3:TrackPointExtension>
        </extensions>
      </trkpt>
      <trkpt lat="-38.13363620080053806304931640625" lon="145.365051738917827606201171875">
        <ele>283.20001220703125</ele>
        <time>2026-03-31T08:02:47.000Z</time>
        <extensions>
          <ns3:TrackPointExtension>
            <ns3:atemp>26.0</ns3:atemp>
            <ns3:hr>114</ns3:hr>
          </ns3:TrackPointExtension>
        </extensions>
      </trkpt>
      <trkpt lat="-38.1336282379925251007080078125" lon="145.36497688852250576019287109375">
        <ele>281.79998779296875</ele>
        <time>2026-03-31T08:02:48.000Z</time>
        <extensions>
          <ns3:TrackPointExtension>
            <ns3:atemp>26.0</ns3:atemp>
            <ns3:hr>113</ns3:hr>
          </ns3:TrackPointExtension>
        </extensions>
      </trkpt>
      <trkpt lat="-38.13362128101289272308349609375" lon="145.36490631289780139923095703125">
        <ele>280.20001220703125</ele>
        <time>2026-03-31T08:02:49.000Z</time>
        <extensions>
          <ns3:TrackPointExtension>
            <ns3:atemp>26.0</ns3:atemp>
            <ns3:hr>112</ns3:hr>
          </ns3:TrackPointExtension>
        </extensions>
      </trkpt>
      <trkpt lat="-38.13361524604260921478271484375" lon="145.364830791950225830078125">
        <ele>278.600006103515625</ele>
        <time>2026-03-31T08:02:50.000Z</time>
        <extensions>
          <ns3:TrackPointExtension>
            <ns3:atemp>27.0</ns3:atemp>
            <ns3:hr>111</ns3:hr>
          </ns3:TrackPointExtension>
        </extensions>
      </trkpt>
      <trkpt lat="-38.13360594213008880615234375" lon="145.364761054515838623046875">
        <ele>276.79998779296875</ele>
        <time>2026-03-31T08:02:51.000Z</time>
        <extensions>
          <ns3:TrackPointExtension>
            <ns3:atemp>26.0</ns3:atemp>
            <ns3:hr>111</ns3:hr>
          </ns3:TrackPointExtension>
        </extensions>
      </trkpt>
      <trkpt lat="-38.13360099680721759796142578125" lon="145.36468955688178539276123046875">
        <ele>275.20001220703125</ele>
        <time>2026-03-31T08:02:52.000Z</time>
        <extensions>
          <ns3:TrackPointExtension>
            <ns3:atemp>26.0</ns3:atemp>
            <ns3:hr>111</ns3:hr>
          </ns3:TrackPointExtension>
        </extensions>
      </trkpt>
      <trkpt lat="-38.133590519428253173828125" lon="145.36462786607444286346435546875">
        <ele>273.600006103515625</ele>
        <time>2026-03-31T08:02:53.000Z</time>
        <extensions>
          <ns3:TrackPointExtension>
            <ns3:atemp>27.0</ns3:atemp>
            <ns3:hr>112</ns3:hr>
          </ns3:TrackPointExtension>
        </extensions>
      </trkpt>
      <trkpt lat="-38.13356864266097545623779296875" lon="145.3645620681345462799072265625">
        <ele>272</ele>
        <time>2026-03-31T08:02:54.000Z</time>
        <extensions>
          <ns3:TrackPointExtension>
            <ns3:atemp>27.0</ns3:atemp>
            <ns3:hr>112</ns3:hr>
          </ns3:TrackPointExtension>
        </extensions>
      </trkpt>
      <trkpt lat="-38.1335417367517948150634765625" lon="145.36450699903070926666259765625">
        <ele>270.399993896484375</ele>
        <time>2026-03-31T08:02:55.000Z</time>
        <extensions>
          <ns3:TrackPointExtension>
            <ns3:atemp>27.0</ns3:atemp>
            <ns3:hr>112</ns3:hr>
          </ns3:TrackPointExtension>
        </extensions>
      </trkpt>
      <trkpt lat="-38.13351684249937534332275390625" lon="145.36445452831685543060302734375">
        <ele>268.79998779296875</ele>
        <time>2026-03-31T08:02:56.000Z</time>
        <extensions>
          <ns3:TrackPointExtension>
            <ns3:atemp>27.0</ns3:atemp>
            <ns3:hr>113</ns3:hr>
          </ns3:TrackPointExtension>
        </extensions>
      </trkpt>
      <trkpt lat="-38.13349370844662189483642578125" lon="145.3644098527729511260986328125">
        <ele>267</ele>
        <time>2026-03-31T08:02:57.000Z</time>
        <extensions>
          <ns3:TrackPointExtension>
            <ns3:atemp>27.0</ns3:atemp>
            <ns3:hr>113</ns3:hr>
          </ns3:TrackPointExtension>
        </extensions>
      </trkpt>
      <trkpt lat="-38.13346420414745807647705078125" lon="145.36436668597161769866943359375">
        <ele>265.20001220703125</ele>
        <time>2026-03-31T08:02:58.000Z</time>
        <extensions>
          <ns3:TrackPointExtension>
            <ns3:atemp>27.0</ns3:atemp>
            <ns3:hr>113</ns3:hr>
          </ns3:TrackPointExtension>
        </extensions>
      </trkpt>
      <trkpt lat="-38.13343604095280170440673828125" lon="145.36431622691452503204345703125">
        <ele>263.600006103515625</ele>
        <time>2026-03-31T08:02:59.000Z</time>
        <extensions>
          <ns3:TrackPointExtension>
            <ns3:atemp>27.0</ns3:atemp>
            <ns3:hr>113</ns3:hr>
          </ns3:TrackPointExtension>
        </extensions>
      </trkpt>
      <trkpt lat="-38.13340653665363788604736328125" lon="145.36425839178264141082763671875">
        <ele>261.79998779296875</ele>
        <time>2026-03-31T08:03:00.000Z</time>
        <extensions>
          <ns3:TrackPointExtension>
            <ns3:atemp>27.0</ns3:atemp>
            <ns3:hr>114</ns3:hr>
          </ns3:TrackPointExtension>
        </extensions>
      </trkpt>
      <trkpt lat="-38.1333826482295989990234375" lon="145.3641996346414089202880859375">
        <ele>260</ele>
        <time>2026-03-31T08:03:01.000Z</time>
        <extensions>
          <ns3:TrackPointExtension>
            <ns3:atemp>27.0</ns3:atemp>
            <ns3:hr>114</ns3:hr>
          </ns3:TrackPointExtension>
        </extensions>
      </trkpt>
      <trkpt lat="-38.1333533115684986114501953125" lon="145.36414758302271366119384765625">
        <ele>258.399993896484375</ele>
        <time>2026-03-31T08:03:02.000Z</time>
        <extensions>
          <ns3:TrackPointExtension>
            <ns3:atemp>27.0</ns3:atemp>
            <ns3:hr>115</ns3:hr>
          </ns3:TrackPointExtension>
        </extensions>
      </trkpt>
      <trkpt lat="-38.13332539983093738555908203125" lon="145.36409025080502033233642578125">
        <ele>256.20001220703125</ele>
        <time>2026-03-31T08:03:03.000Z</time>
        <extensions>
          <ns3:TrackPointExtension>
            <ns3:atemp>27.0</ns3:atemp>
            <ns3:hr>115</ns3:hr>
          </ns3:TrackPointExtension>
        </extensions>
      </trkpt>
      <trkpt lat="-38.1332963146269321441650390625" lon="145.3640390373766422271728515625">
        <ele>254.399993896484375</ele>
        <time>2026-03-31T08:03:04.000Z</time>
        <extensions>
          <ns3:TrackPointExtension>
            <ns3:atemp>27.0</ns3:atemp>
            <ns3:hr>117</ns3:hr>
          </ns3:TrackPointExtension>
        </extensions>
      </trkpt>
      <trkpt lat="-38.13325331546366214752197265625" lon="145.36398514173924922943115234375">
        <ele>252.399993896484375</ele>
        <time>2026-03-31T08:03:05.000Z</time>
        <extensions>
          <ns3:TrackPointExtension>
            <ns3:atemp>27.0</ns3:atemp>
            <ns3:hr>118</ns3:hr>
          </ns3:TrackPointExtension>
        </extensions>
      </trkpt>
      <trkpt lat="-38.1332217156887054443359375" lon="145.363929904997348785400390625">
        <ele>250.600006103515625</ele>
        <time>2026-03-31T08:03:06.000Z</time>
        <extensions>
          <ns3:TrackPointExtension>
            <ns3:atemp>27.0</ns3:atemp>
            <ns3:hr>119</ns3:hr>
          </ns3:TrackPointExtension>
        </extensions>
      </trkpt>
      <trkpt lat="-38.133191205561161041259765625" lon="145.363876260817050933837890625">
        <ele>248.8000030517578125</ele>
        <time>2026-03-31T08:03:07.000Z</time>
        <extensions>
          <ns3:TrackPointExtension>
            <ns3:atemp>27.0</ns3:atemp>
            <ns3:hr>122</ns3:hr>
          </ns3:TrackPointExtension>
        </extensions>
      </trkpt>
      <trkpt lat="-38.133165724575519561767578125" lon="145.36382035352289676666259765625">
        <ele>247</ele>
        <time>2026-03-31T08:03:08.000Z</time>
        <extensions>
          <ns3:TrackPointExtension>
            <ns3:atemp>27.0</ns3:atemp>
            <ns3:hr>125</ns3:hr>
          </ns3:TrackPointExtension>
        </extensions>
      </trkpt>
      <trkpt lat="-38.1331358850002288818359375" lon="145.36375514231622219085693359375">
        <ele>245.1999969482421875</ele>
        <time>2026-03-31T08:03:09.000Z</time>
        <extensions>
          <ns3:TrackPointExtension>
            <ns3:atemp>27.0</ns3:atemp>
            <ns3:hr>127</ns3:hr>
          </ns3:TrackPointExtension>
        </extensions>
      </trkpt>
      <trkpt lat="-38.133104704320430755615234375" lon="145.36369428969919681549072265625">
        <ele>243.600006103515625</ele>
        <time>2026-03-31T08:03:10.000Z</time>
        <extensions>
          <ns3:TrackPointExtension>
            <ns3:atemp>27.0</ns3:atemp>
            <ns3:hr>129</ns3:hr>
          </ns3:TrackPointExtension>
        </extensions>
      </trkpt>
      <trkpt lat="-38.133067823946475982666015625" lon="145.36363645456731319427490234375">
        <ele>241.8000030517578125</ele>
        <time>2026-03-31T08:03:11.000Z</time>
        <extensions>
          <ns3:TrackPointExtension>
            <ns3:atemp>27.0</ns3:atemp>
            <ns3:hr>130</ns3:hr>
          </ns3:TrackPointExtension>
        </extensions>
      </trkpt>
      <trkpt lat="-38.133030273020267486572265625" lon="145.3635870851576328277587890625">
        <ele>240.1999969482421875</ele>
        <time>2026-03-31T08:03:12.000Z</time>
        <extensions>
          <ns3:TrackPointExtension>
            <ns3:atemp>27.0</ns3:atemp>
            <ns3:hr>131</ns3:hr>
          </ns3:TrackPointExtension>
        </extensions>
      </trkpt>
      <trkpt lat="-38.1329985894262790679931640625" lon="145.3635312616825103759765625">
        <ele>238.8000030517578125</ele>
        <time>2026-03-31T08:03:13.000Z</time>
        <extensions>
          <ns3:TrackPointExtension>
            <ns3:atemp>27.0</ns3:atemp>
            <ns3:hr>131</ns3:hr>
          </ns3:TrackPointExtension>
        </extensions>
      </trkpt>
      <trkpt lat="-38.1329586915671825408935546875" lon="145.36348742432892322540283203125">
        <ele>237.399993896484375</ele>
        <time>2026-03-31T08:03:14.000Z</time>
        <extensions>
          <ns3:TrackPointExtension>
            <ns3:atemp>27.0</ns3:atemp>
            <ns3:hr>131</ns3:hr>
          </ns3:TrackPointExtension>
        </extensions>
      </trkpt>
      <trkpt lat="-38.132916279137134552001953125" lon="145.36343939602375030517578125">
        <ele>236.1999969482421875</ele>
        <time>2026-03-31T08:03:15.000Z</time>
        <extensions>
          <ns3:TrackPointExtension>
            <ns3:atemp>27.0</ns3:atemp>
            <ns3:hr>132</ns3:hr>
          </ns3:TrackPointExtension>
        </extensions>
      </trkpt>
      <trkpt lat="-38.1328755430877208709716796875" lon="145.363393127918243408203125">
        <ele>234.8000030517578125</ele>
        <time>2026-03-31T08:03:16.000Z</time>
        <extensions>
          <ns3:TrackPointExtension>
            <ns3:atemp>27.0</ns3:atemp>
            <ns3:hr>131</ns3:hr>
          </ns3:TrackPointExtension>
        </extensions>
      </trkpt>
      <trkpt lat="-38.132830448448657989501953125" lon="145.363339483737945556640625">
        <ele>233.600006103515625</ele>
        <time>2026-03-31T08:03:17.000Z</time>
        <extensions>
          <ns3:TrackPointExtension>
            <ns3:atemp>27.0</ns3:atemp>
            <ns3:hr>131</ns3:hr>
          </ns3:TrackPointExtension>
        </extensions>
      </trkpt>
      <trkpt lat="-38.132784180343151092529296875" lon="145.3632930479943752288818359375">
        <ele>232.600006103515625</ele>
        <time>2026-03-31T08:03:18.000Z</time>
        <extensions>
          <ns3:TrackPointExtension>
            <ns3:atemp>27.0</ns3:atemp>
            <ns3:hr>130</ns3:hr>
          </ns3:TrackPointExtension>
        </extensions>
      </trkpt>
      <trkpt lat="-38.1327454559504985809326171875" lon="145.3632528148591518402099609375">
        <ele>231.600006103515625</ele>
        <time>2026-03-31T08:03:19.000Z</time>
        <extensions>
          <ns3:TrackPointExtension>
            <ns3:atemp>27.0</ns3:atemp>
            <ns3:hr>129</ns3:hr>
          </ns3:TrackPointExtension>
        </extensions>
      </trkpt>
      <trkpt lat="-38.132668174803256988525390625" lon="145.36316715180873870849609375">
        <ele>230.1999969482421875</ele>
        <time>2026-03-31T08:03:21.000Z</time>
        <extensions>
          <ns3:TrackPointExtension>
            <ns3:atemp>27.0</ns3:atemp>
            <ns3:hr>129</ns3:hr>
          </ns3:TrackPointExtension>
        </extensions>
      </trkpt>
      <trkpt lat="-38.132625930011272430419921875" lon="145.3631227277219295501708984375">
        <ele>229.399993896484375</ele>
        <time>2026-03-31T08:03:22.000Z</time>
        <extensions>
          <ns3:TrackPointExtension>
            <ns3:atemp>27.0</ns3:atemp>
            <ns3:hr>129</ns3:hr>
          </ns3:TrackPointExtension>
        </extensions>
      </trkpt>
      <trkpt lat="-38.132581003010272979736328125" lon="145.3630868531763553619384765625">
        <ele>228.8000030517578125</ele>
        <time>2026-03-31T08:03:23.000Z</time>
        <extensions>
          <ns3:TrackPointExtension>
            <ns3:atemp>27.0</ns3:atemp>
            <ns3:hr>129</ns3:hr>
          </ns3:TrackPointExtension>
        </extensions>
      </trkpt>
      <trkpt lat="-38.13250355422496795654296875" lon="145.363040752708911895751953125">
        <ele>227</ele>
        <time>2026-03-31T08:03:25.000Z</time>
        <extensions>
          <ns3:TrackPointExtension>
            <ns3:atemp>27.0</ns3:atemp>
            <ns3:hr>128</ns3:hr>
          </ns3:TrackPointExtension>
        </extensions>
      </trkpt>
      <trkpt lat="-38.132460303604602813720703125" lon="145.363014601171016693115234375">
        <ele>226</ele>
        <time>2026-03-31T08:03:26.000Z</time>
        <extensions>
          <ns3:TrackPointExtension>
            <ns3:atemp>27.0</ns3:atemp>
            <ns3:hr>128</ns3:hr>
          </ns3:TrackPointExtension>
        </extensions>
      </trkpt>
      <trkpt lat="-38.13241110183298587799072265625" lon="145.362989120185375213623046875">
        <ele>225</ele>
        <time>2026-03-31T08:03:27.000Z</time>
        <extensions>
          <ns3:TrackPointExtension>
            <ns3:atemp>27.0</ns3:atemp>
            <ns3:hr>128</ns3:hr>
          </ns3:TrackPointExtension>
        </extensions>
      </trkpt>
      <trkpt lat="-38.1323659233748912811279296875" lon="145.36297135055065155029296875">
        <ele>224</ele>
        <time>2026-03-31T08:03:28.000Z</time>
        <extensions>
          <ns3:TrackPointExtension>
            <ns3:atemp>27.0</ns3:atemp>
            <ns3:hr>128</ns3:hr>
          </ns3:TrackPointExtension>
        </extensions>
      </trkpt>
      <trkpt lat="-38.1322727166116237640380859375" lon="145.36293136887252330780029296875">
        <ele>222</ele>
        <time>2026-03-31T08:03:30.000Z</time>
        <extensions>
          <ns3:TrackPointExtension>
            <ns3:atemp>27.0</ns3:atemp>
            <ns3:hr>127</ns3:hr>
          </ns3:TrackPointExtension>
        </extensions>
      </trkpt>
      <trkpt lat="-38.13219719566404819488525390625" lon="145.36285760812461376190185546875">
        <ele>220.1999969482421875</ele>
        <time>2026-03-31T08:03:32.000Z</time>
        <extensions>
          <ns3:TrackPointExtension>
            <ns3:atemp>27.0</ns3:atemp>
            <ns3:hr>123</ns3:hr>
          </ns3:TrackPointExtension>
        </extensions>
      </trkpt>
      <trkpt lat="-38.1321795098483562469482421875" lon="145.3626975975930690765380859375">
        <ele>218.399993896484375</ele>
        <time>2026-03-31T08:03:34.000Z</time>
        <extensions>
          <ns3:TrackPointExtension>
            <ns3:atemp>27.0</ns3:atemp>
            <ns3:hr>121</ns3:hr>
          </ns3:TrackPointExtension>
        </extensions>
      </trkpt>
      <trkpt lat="-38.13218395225703716278076171875" lon="145.3626094199717044830322265625">
        <ele>217.399993896484375</ele>
        <time>2026-03-31T08:03:35.000Z</time>
        <extensions>
          <ns3:TrackPointExtension>
            <ns3:atemp>27.0</ns3:atemp>
            <ns3:hr>121</ns3:hr>
          </ns3:TrackPointExtension>
        </extensions>
      </trkpt>
      <trkpt lat="-38.13219971023499965667724609375" lon="145.362513698637485504150390625">
        <ele>216.600006103515625</ele>
        <time>2026-03-31T08:03:36.000Z</time>
        <extensions>
          <ns3:TrackPointExtension>
            <ns3:atemp>27.0</ns3:atemp>
            <ns3:hr>120</ns3:hr>
          </ns3:TrackPointExtension>
        </extensions>
      </trkpt>
      <trkpt lat="-38.1322227604687213897705078125" lon="145.36241068504750728607177734375">
        <ele>215.399993896484375</ele>
        <time>2026-03-31T08:03:37.000Z</time>
        <extensions>
          <ns3:TrackPointExtension>
            <ns3:atemp>27.0</ns3:atemp>
            <ns3:hr>121</ns3:hr>
          </ns3:TrackPointExtension>
        </extensions>
      </trkpt>
      <trkpt lat="-38.13226617872714996337890625" lon="145.36230616271495819091796875">
        <ele>214.399993896484375</ele>
        <time>2026-03-31T08:03:38.000Z</time>
        <extensions>
          <ns3:TrackPointExtension>
            <ns3:atemp>27.0</ns3:atemp>
            <ns3:hr>121</ns3:hr>
          </ns3:TrackPointExtension>
        </extensions>
      </trkpt>
      <trkpt lat="-38.13231714069843292236328125" lon="145.36220826208591461181640625">
        <ele>213.399993896484375</ele>
        <time>2026-03-31T08:03:39.000Z</time>
        <extensions>
          <ns3:TrackPointExtension>
            <ns3:atemp>27.0</ns3:atemp>
            <ns3:hr>122</ns3:hr>
          </ns3:TrackPointExtension>
        </extensions>
      </trkpt>
      <trkpt lat="-38.13237472437322139739990234375" lon="145.36210910417139530181884765625">
        <ele>212.399993896484375</ele>
        <time>2026-03-31T08:03:40.000Z</time>
        <extensions>
          <ns3:TrackPointExtension>
            <ns3:atemp>27.0</ns3:atemp>
            <ns3:hr>122</ns3:hr>
          </ns3:TrackPointExtension>
        </extensions>
      </trkpt>
      <trkpt lat="-38.1324249319732189178466796875" lon="145.362016819417476654052734375">
        <ele>211</ele>
        <time>2026-03-31T08:03:41.000Z</time>
        <extensions>
          <ns3:TrackPointExtension>
            <ns3:atemp>27.0</ns3:atemp>
            <ns3:hr>124</ns3:hr>
          </ns3:TrackPointExtension>
        </extensions>
      </trkpt>
      <trkpt lat="-38.13248503021895885467529296875" lon="145.361821018159389495849609375">
        <ele>208</ele>
        <time>2026-03-31T08:03:43.000Z</time>
        <extensions>
          <ns3:TrackPointExtension>
            <ns3:atemp>27.0</ns3:atemp>
            <ns3:hr>126</ns3:hr>
          </ns3:TrackPointExtension>
        </extensions>
      </trkpt>
      <trkpt lat="-38.1324626505374908447265625" lon="145.361740887165069580078125">
        <ele>206.1999969482421875</ele>
        <time>2026-03-31T08:03:44.000Z</time>
        <extensions>
          <ns3:TrackPointExtension>
            <ns3:atemp>27.0</ns3:atemp>
            <ns3:hr>127</ns3:hr>
          </ns3:TrackPointExtension>
        </extensions>
      </trkpt>
      <trkpt lat="-38.132432140409946441650390625" lon="145.36169419996440410614013671875">
        <ele>204</ele>
        <time>2026-03-31T08:03:45.000Z</time>
        <extensions>
          <ns3:TrackPointExtension>
            <ns3:atemp>27.0</ns3:atemp>
            <ns3:hr>127</ns3:hr>
          </ns3:TrackPointExtension>
        </extensions>
      </trkpt>
      <trkpt lat="-38.13238427974283695220947265625" lon="145.361682884395122528076171875">
        <ele>202</ele>
        <time>2026-03-31T08:03:46.000Z</time>
        <extensions>
          <ns3:TrackPointExtension>
            <ns3:atemp>27.0</ns3:atemp>
            <ns3:hr>128</ns3:hr>
          </ns3:TrackPointExtension>
        </extensions>
      </trkpt>
      <trkpt lat="-38.13234262168407440185546875" lon="145.36172722466289997100830078125">
        <ele>199.8000030517578125</ele>
        <time>2026-03-31T08:03:47.000Z</time>
        <extensions>
          <ns3:TrackPointExtension>
            <ns3:atemp>27.0</ns3:atemp>
            <ns3:hr>129</ns3:hr>
          </ns3:TrackPointExtension>
        </extensions>
      </trkpt>
      <trkpt lat="-38.13231672160327434539794921875" lon="145.3618144802749156951904296875">
        <ele>197.600006103515625</ele>
        <time>2026-03-31T08:03:48.000Z</time>
        <extensions>
          <ns3:TrackPointExtension>
            <ns3:atemp>27.0</ns3:atemp>
            <ns3:hr>139</ns3:hr>
          </ns3:TrackPointExtension>
        </extensions>
      </trkpt>
      <trkpt lat="-38.13232845626771450042724609375" lon="145.36192797124385833740234375">
        <ele>195.399993896484375</ele>
        <time>2026-03-31T08:03:49.000Z</time>
        <extensions>
          <ns3:TrackPointExtension>
            <ns3:atemp>27.0</ns3:atemp>
            <ns3:hr>143</ns3:hr>
          </ns3:TrackPointExtension>
        </extensions>
      </trkpt>
      <trkpt lat="-38.13236969523131847381591796875" lon="145.3620407916605472564697265625">
        <ele>193.399993896484375</ele>
        <time>2026-03-31T08:03:50.000Z</time>
        <extensions>
          <ns3:TrackPointExtension>
            <ns3:atemp>27.0</ns3:atemp>
            <ns3:hr>147</ns3:hr>
          </ns3:TrackPointExtension>
        </extensions>
      </trkpt>
      <trkpt lat="-38.1324385106563568115234375" lon="145.36213844083249568939208984375">
        <ele>191.600006103515625</ele>
        <time>2026-03-31T08:03:51.000Z</time>
        <extensions>
          <ns3:TrackPointExtension>
            <ns3:atemp>27.0</ns3:atemp>
            <ns3:hr>147</ns3:hr>
          </ns3:TrackPointExtension>
        </extensions>
      </trkpt>
      <trkpt lat="-38.13251839019358158111572265625" lon="145.3622196614742279052734375">
        <ele>190</ele>
        <time>2026-03-31T08:03:52.000Z</time>
        <extensions>
          <ns3:TrackPointExtension>
            <ns3:atemp>27.0</ns3:atemp>
            <ns3:hr>148</ns3:hr>
          </ns3:TrackPointExtension>
        </extensions>
      </trkpt>
      <trkpt lat="-38.1326264329254627227783203125" lon="145.3622704558074474334716796875">
        <ele>188.600006103515625</ele>
        <time>2026-03-31T08:03:53.000Z</time>
        <extensions>
          <ns3:TrackPointExtension>
            <ns3:atemp>27.0</ns3:atemp>
            <ns3:hr>148</ns3:hr>
          </ns3:TrackPointExtension>
        </extensions>
      </trkpt>
      <trkpt lat="-38.13274486921727657318115234375" lon="145.3623090125620365142822265625">
        <ele>187.600006103515625</ele>
        <time>2026-03-31T08:03:54.000Z</time>
        <extensions>
          <ns3:TrackPointExtension>
            <ns3:atemp>27.0</ns3:atemp>
            <ns3:hr>147</ns3:hr>
          </ns3:TrackPointExtension>
        </extensions>
      </trkpt>
      <trkpt lat="-38.13286607153713703155517578125" lon="145.36233608610928058624267578125">
        <ele>186.8000030517578125</ele>
        <time>2026-03-31T08:03:55.000Z</time>
        <extensions>
          <ns3:TrackPointExtension>
            <ns3:atemp>27.0</ns3:atemp>
            <ns3:hr>148</ns3:hr>
          </ns3:TrackPointExtension>
        </extensions>
      </trkpt>
      <trkpt lat="-38.13299129717051982879638671875" lon="145.362358130514621734619140625">
        <ele>186</ele>
        <time>2026-03-31T08:03:56.000Z</time>
        <extensions>
          <ns3:TrackPointExtension>
            <ns3:atemp>27.0</ns3:atemp>
            <ns3:hr>148</ns3:hr>
          </ns3:TrackPointExtension>
        </extensions>
      </trkpt>
      <trkpt lat="-38.13324141316115856170654296875" lon="145.3623851202428340911865234375">
        <ele>184.1999969482421875</ele>
        <time>2026-03-31T08:03:58.000Z</time>
        <extensions>
          <ns3:TrackPointExtension>
            <ns3:atemp>27.0</ns3:atemp>
            <ns3:hr>148</ns3:hr>
          </ns3:TrackPointExtension>
        </extensions>
      </trkpt>
      <trkpt lat="-38.133358843624591827392578125" lon="145.36240749992430210113525390625">
        <ele>183</ele>
        <time>2026-03-31T08:03:59.000Z</time>
        <extensions>
          <ns3:TrackPointExtension>
            <ns3:atemp>27.0</ns3:atemp>
            <ns3:hr>149</ns3:hr>
          </ns3:TrackPointExtension>
        </extensions>
      </trkpt>
      <trkpt lat="-38.1334790401160717010498046875" lon="145.362424515187740325927734375">
        <ele>181.8000030517578125</ele>
        <time>2026-03-31T08:04:00.000Z</time>
        <extensions>
          <ns3:TrackPointExtension>
            <ns3:atemp>27.0</ns3:atemp>
            <ns3:hr>148</ns3:hr>
          </ns3:TrackPointExtension>
        </extensions>
      </trkpt>
      <trkpt lat="-38.13360166735947132110595703125" lon="145.36244253627955913543701171875">
        <ele>180.8000030517578125</ele>
        <time>2026-03-31T08:04:01.000Z</time>
        <extensions>
          <ns3:TrackPointExtension>
            <ns3:atemp>27.0</ns3:atemp>
            <ns3:hr>148</ns3:hr>
          </ns3:TrackPointExtension>
        </extensions>
      </trkpt>
      <trkpt lat="-38.1338505260646343231201171875" lon="145.3624857030808925628662109375">
        <ele>179</ele>
        <time>2026-03-31T08:04:03.000Z</time>
        <extensions>
          <ns3:TrackPointExtension>
            <ns3:atemp>27.0</ns3:atemp>
            <ns3:hr>147</ns3:hr>
          </ns3:TrackPointExtension>
        </extensions>
      </trkpt>
      <trkpt lat="-38.13397332094609737396240234375" lon="145.36250154487788677215576171875">
        <ele>177.8000030517578125</ele>
        <time>2026-03-31T08:04:04.000Z</time>
        <extensions>
          <ns3:TrackPointExtension>
            <ns3:atemp>27.0</ns3:atemp>
            <ns3:hr>147</ns3:hr>
          </ns3:TrackPointExtension>
        </extensions>
      </trkpt>
      <trkpt lat="-38.13408949412405490875244140625" lon="145.36252870224416255950927734375">
        <ele>176.399993896484375</ele>
        <time>2026-03-31T08:04:05.000Z</time>
        <extensions>
          <ns3:TrackPointExtension>
            <ns3:atemp>27.0</ns3:atemp>
            <ns3:hr>147</ns3:hr>
          </ns3:TrackPointExtension>
        </extensions>
      </trkpt>
      <trkpt lat="-38.13420834951102733612060546875" lon="145.36255158483982086181640625">
        <ele>175.1999969482421875</ele>
        <time>2026-03-31T08:04:06.000Z</time>
        <extensions>
          <ns3:TrackPointExtension>
            <ns3:atemp>27.0</ns3:atemp>
            <ns3:hr>147</ns3:hr>
          </ns3:TrackPointExtension>
        </extensions>
      </trkpt>
      <trkpt lat="-38.134328462183475494384765625" lon="145.3625698573887348175048828125">
        <ele>173.600006103515625</ele>
        <time>2026-03-31T08:04:07.000Z</time>
        <extensions>
          <ns3:TrackPointExtension>
            <ns3:atemp>27.0</ns3:atemp>
            <ns3:hr>147</ns3:hr>
          </ns3:TrackPointExtension>
        </extensions>
      </trkpt>
      <trkpt lat="-38.134561479091644287109375" lon="145.36261419765651226043701171875">
        <ele>171.600006103515625</ele>
        <time>2026-03-31T08:04:09.000Z</time>
        <extensions>
          <ns3:TrackPointExtension>
            <ns3:atemp>27.0</ns3:atemp>
            <ns3:hr>147</ns3:hr>
          </ns3:TrackPointExtension>
        </extensions>
      </trkpt>
      <trkpt lat="-38.1346786580979824066162109375" lon="145.36263984628021717071533203125">
        <ele>170.399993896484375</ele>
        <time>2026-03-31T08:04:10.000Z</time>
        <extensions>
          <ns3:TrackPointExtension>
            <ns3:atemp>27.0</ns3:atemp>
            <ns3:hr>147</ns3:hr>
          </ns3:TrackPointExtension>
        </extensions>
      </trkpt>
      <trkpt lat="-38.13490974716842174530029296875" lon="145.3626982681453227996826171875">
        <ele>168.399993896484375</ele>
        <time>2026-03-31T08:04:12.000Z</time>
        <extensions>
          <ns3:TrackPointExtension>
            <ns3:atemp>27.0</ns3:atemp>
            <ns3:hr>151</ns3:hr>
          </ns3:TrackPointExtension>
        </extensions>
      </trkpt>
      <trkpt lat="-38.13514016568660736083984375" lon="145.3627535887062549591064453125">
        <ele>166.8000030517578125</ele>
        <time>2026-03-31T08:04:14.000Z</time>
        <extensions>
          <ns3:TrackPointExtension>
            <ns3:atemp>27.0</ns3:atemp>
            <ns3:hr>153</ns3:hr>
          </ns3:TrackPointExtension>
        </extensions>
      </trkpt>
      <trkpt lat="-38.13536220230162143707275390625" lon="145.36280597560107707977294921875">
        <ele>165.600006103515625</ele>
        <time>2026-03-31T08:04:16.000Z</time>
        <extensions>
          <ns3:TrackPointExtension>
            <ns3:atemp>27.0</ns3:atemp>
            <ns3:hr>154</ns3:hr>
          </ns3:TrackPointExtension>
        </extensions>
      </trkpt>
      <trkpt lat="-38.13558817841112613677978515625" lon="145.3628741204738616943359375">
        <ele>164.1999969482421875</ele>
        <time>2026-03-31T08:04:18.000Z</time>
        <extensions>
          <ns3:TrackPointExtension>
            <ns3:atemp>27.0</ns3:atemp>
            <ns3:hr>153</ns3:hr>
          </ns3:TrackPointExtension>
        </extensions>
      </trkpt>
      <trkpt lat="-38.1358180940151214599609375" lon="145.36295014433562755584716796875">
        <ele>162.399993896484375</ele>
        <time>2026-03-31T08:04:20.000Z</time>
        <extensions>
          <ns3:TrackPointExtension>
            <ns3:atemp>27.0</ns3:atemp>
            <ns3:hr>152</ns3:hr>
          </ns3:TrackPointExtension>
        </extensions>
      </trkpt>
      <trkpt lat="-38.135933764278888702392578125" lon="145.36299054510891437530517578125">
        <ele>161.1999969482421875</ele>
        <time>2026-03-31T08:04:21.000Z</time>
        <extensions>
          <ns3:TrackPointExtension>
            <ns3:atemp>27.0</ns3:atemp>
            <ns3:hr>151</ns3:hr>
          </ns3:TrackPointExtension>
        </extensions>
      </trkpt>
      <trkpt lat="-38.13614959828555583953857421875" lon="145.3630650602281093597412109375">
        <ele>159.600006103515625</ele>
        <time>2026-03-31T08:04:23.000Z</time>
        <extensions>
          <ns3:TrackPointExtension>
            <ns3:atemp>27.0</ns3:atemp>
            <ns3:hr>150</ns3:hr>
          </ns3:TrackPointExtension>
        </extensions>
      </trkpt>
      <trkpt lat="-38.1363694556057453155517578125" lon="145.36314058117568492889404296875">
        <ele>158.600006103515625</ele>
        <time>2026-03-31T08:04:25.000Z</time>
        <extensions>
          <ns3:TrackPointExtension>
            <ns3:atemp>27.0</ns3:atemp>
            <ns3:hr>150</ns3:hr>
          </ns3:TrackPointExtension>
        </extensions>
      </trkpt>
      <trkpt lat="-38.13659383915364742279052734375" lon="145.36320294253528118133544921875">
        <ele>157.1999969482421875</ele>
        <time>2026-03-31T08:04:27.000Z</time>
        <extensions>
          <ns3:TrackPointExtension>
            <ns3:atemp>27.0</ns3:atemp>
            <ns3:hr>149</ns3:hr>
          </ns3:TrackPointExtension>
        </extensions>
      </trkpt>
      <trkpt lat="-38.1368167139589786529541015625" lon="145.3632675670087337493896484375">
        <ele>155.600006103515625</ele>
        <time>2026-03-31T08:04:29.000Z</time>
        <extensions>
          <ns3:TrackPointExtension>
            <ns3:atemp>27.0</ns3:atemp>
            <ns3:hr>149</ns3:hr>
          </ns3:TrackPointExtension>
        </extensions>
      </trkpt>
      <trkpt lat="-38.1371667422354221343994140625" lon="145.36336555145680904388427734375">
        <ele>154.600006103515625</ele>
        <time>2026-03-31T08:04:32.000Z</time>
        <extensions>
          <ns3:TrackPointExtension>
            <ns3:atemp>27.0</ns3:atemp>
            <ns3:hr>150</ns3:hr>
          </ns3:TrackPointExtension>
        </extensions>
      </trkpt>
      <trkpt lat="-38.1372820772230625152587890625" lon="145.36340025253593921661376953125">
        <ele>154.600006103515625</ele>
        <time>2026-03-31T08:04:33.000Z</time>
        <extensions>
          <ns3:TrackPointExtension>
            <ns3:atemp>27.0</ns3:atemp>
            <ns3:hr>149</ns3:hr>
          </ns3:TrackPointExtension>
        </extensions>
      </trkpt>
      <trkpt lat="-38.13749824650585651397705078125" lon="145.36346982233226299285888671875">
        <ele>155.399993896484375</ele>
        <time>2026-03-31T08:04:35.000Z</time>
        <extensions>
          <ns3:TrackPointExtension>
            <ns3:atemp>27.0</ns3:atemp>
            <ns3:hr>144</ns3:hr>
          </ns3:TrackPointExtension>
        </extensions>
      </trkpt>
      <trkpt lat="-38.137719444930553436279296875" lon="145.36352983675897121429443359375">
        <ele>155.600006103515625</ele>
        <time>2026-03-31T08:04:37.000Z</time>
        <extensions>
          <ns3:TrackPointExtension>
            <ns3:atemp>27.0</ns3:atemp>
            <ns3:hr>142</ns3:hr>
          </ns3:TrackPointExtension>
        </extensions>
      </trkpt>
      <trkpt lat="-38.13795103691518306732177734375" lon="145.36356587894260883331298828125">
        <ele>155.8000030517578125</ele>
        <time>2026-03-31T08:04:39.000Z</time>
        <extensions>
          <ns3:TrackPointExtension>
            <ns3:atemp>27.0</ns3:atemp>
            <ns3:hr>143</ns3:hr>
          </ns3:TrackPointExtension>
        </extensions>
      </trkpt>
      <trkpt lat="-38.138166703283786773681640625" lon="145.3634345345199108123779296875">
        <ele>157.600006103515625</ele>
        <time>2026-03-31T08:04:41.000Z</time>
        <extensions>
          <ns3:TrackPointExtension>
            <ns3:atemp>27.0</ns3:atemp>
            <ns3:hr>143</ns3:hr>
          </ns3:TrackPointExtension>
        </extensions>
      </trkpt>
      <trkpt lat="-38.13832051120698451995849609375" lon="145.3632062114775180816650390625">
        <ele>160</ele>
        <time>2026-03-31T08:04:43.000Z</time>
        <extensions>
          <ns3:TrackPointExtension>
            <ns3:atemp>27.0</ns3:atemp>
            <ns3:hr>143</ns3:hr>
          </ns3:TrackPointExtension>
        </extensions>
      </trkpt>
      <trkpt lat="-38.138365857303142547607421875" lon="145.36311258561909198760986328125">
        <ele>161.8000030517578125</ele>
        <time>2026-03-31T08:04:44.000Z</time>
        <extensions>
          <ns3:TrackPointExtension>
            <ns3:atemp>27.0</ns3:atemp>
            <ns3:hr>143</ns3:hr>
          </ns3:TrackPointExtension>
        </extensions>
      </trkpt>
      <trkpt lat="-38.1383868120610713958740234375" lon="145.36302977241575717926025390625">
        <ele>162.600006103515625</ele>
        <time>2026-03-31T08:04:45.000Z</time>
        <extensions>
          <ns3:TrackPointExtension>
            <ns3:atemp>27.0</ns3:atemp>
            <ns3:hr>143</ns3:hr>
          </ns3:TrackPointExtension>
        </extensions>
      </trkpt>
      <trkpt lat="-38.1384018994867801666259765625" lon="145.36294260062277317047119140625">
        <ele>164</ele>
        <time>2026-03-31T08:04:46.000Z</time>
        <extensions>
          <ns3:TrackPointExtension>
            <ns3:atemp>27.0</ns3:atemp>
            <ns3:hr>143</ns3:hr>
          </ns3:TrackPointExtension>
        </extensions>
      </trkpt>
      <trkpt lat="-38.13840298913419246673583984375" lon="145.36285341717302799224853515625">
        <ele>165.399993896484375</ele>
        <time>2026-03-31T08:04:47.000Z</time>
        <extensions>
          <ns3:TrackPointExtension>
            <ns3:atemp>27.0</ns3:atemp>
            <ns3:hr>144</ns3:hr>
          </ns3:TrackPointExtension>
        </extensions>
      </trkpt>
      <trkpt lat="-38.13839343376457691192626953125" lon="145.36277043633162975311279296875">
        <ele>167.1999969482421875</ele>
        <time>2026-03-31T08:04:48.000Z</time>
        <extensions>
          <ns3:TrackPointExtension>
            <ns3:atemp>27.0</ns3:atemp>
            <ns3:hr>145</ns3:hr>
          </ns3:TrackPointExtension>
        </extensions>
      </trkpt>
      <trkpt lat="-38.13836325891315937042236328125" lon="145.3626885451376438140869140625">
        <ele>169</ele>
        <time>2026-03-31T08:04:49.000Z</time>
        <extensions>
          <ns3:TrackPointExtension>
            <ns3:atemp>27.0</ns3:atemp>
            <ns3:hr>146</ns3:hr>
          </ns3:TrackPointExtension>
        </extensions>
      </trkpt>
      <trkpt lat="-38.13825764693319797515869140625" lon="145.362648479640483856201171875">
        <ele>172.1999969482421875</ele>
        <time>2026-03-31T08:04:51.000Z</time>
        <extensions>
          <ns3:TrackPointExtension>
            <ns3:atemp>27.0</ns3:atemp>
            <ns3:hr>146</ns3:hr>
          </ns3:TrackPointExtension>
        </extensions>
      </trkpt>
      <trkpt lat="-38.13822462223470211029052734375" lon="145.3626595437526702880859375">
        <ele>173.8000030517578125</ele>
        <time>2026-03-31T08:04:52.000Z</time>
        <extensions>
          <ns3:TrackPointExtension>
            <ns3:atemp>27.0</ns3:atemp>
            <ns3:hr>146</ns3:hr>
          </ns3:TrackPointExtension>
        </extensions>
      </trkpt>
      <trkpt lat="-38.13818740658462047576904296875" lon="145.36267790012061595916748046875">
        <ele>175.1999969482421875</ele>
        <time>2026-03-31T08:04:53.000Z</time>
        <extensions>
          <ns3:TrackPointExtension>
            <ns3:atemp>27.0</ns3:atemp>
            <ns3:hr>145</ns3:hr>
          </ns3:TrackPointExtension>
        </extensions>
      </trkpt>
      <trkpt lat="-38.13816276378929615020751953125" lon="145.36270639859139919281005859375">
        <ele>176.399993896484375</ele>
        <time>2026-03-31T08:04:54.000Z</time>
        <extensions>
          <ns3:TrackPointExtension>
            <ns3:atemp>27.0</ns3:atemp>
            <ns3:hr>145</ns3:hr>
          </ns3:TrackPointExtension>
        </extensions>
      </trkpt>
      <trkpt lat="-38.138137869536876678466796875" lon="145.36276088096201419830322265625">
        <ele>177.8000030517578125</ele>
        <time>2026-03-31T08:04:55.000Z</time>
        <extensions>
          <ns3:TrackPointExtension>
            <ns3:atemp>27.0</ns3:atemp>
            <ns3:hr>146</ns3:hr>
          </ns3:TrackPointExtension>
        </extensions>
      </trkpt>
      <trkpt lat="-38.13811666332185268402099609375" lon="145.36283749155700206756591796875">
        <ele>179.399993896484375</ele>
        <time>2026-03-31T08:04:56.000Z</time>
        <extensions>
          <ns3:TrackPointExtension>
            <ns3:atemp>27.0</ns3:atemp>
            <ns3:hr>146</ns3:hr>
          </ns3:TrackPointExtension>
        </extensions>
      </trkpt>
      <trkpt lat="-38.1380957923829555511474609375" lon="145.36294461227953433990478515625">
        <ele>180.1999969482421875</ele>
        <time>2026-03-31T08:04:57.000Z</time>
        <extensions>
          <ns3:TrackPointExtension>
            <ns3:atemp>27.0</ns3:atemp>
            <ns3:hr>146</ns3:hr>
          </ns3:TrackPointExtension>
        </extensions>
      </trkpt>
      <trkpt lat="-38.13809872604906558990478515625" lon="145.36304603330790996551513671875">
        <ele>182.8000030517578125</ele>
        <time>2026-03-31T08:04:58.000Z</time>
        <extensions>
          <ns3:TrackPointExtension>
            <ns3:atemp>27.0</ns3:atemp>
            <ns3:hr>145</ns3:hr>
          </ns3:TrackPointExtension>
        </extensions>
      </trkpt>
      <trkpt lat="-38.138121776282787322998046875" lon="145.36314125172793865203857421875">
        <ele>183.1999969482421875</ele>
        <time>2026-03-31T08:04:59.000Z</time>
        <extensions>
          <ns3:TrackPointExtension>
            <ns3:atemp>27.0</ns3:atemp>
            <ns3:hr>146</ns3:hr>
          </ns3:TrackPointExtension>
        </extensions>
      </trkpt>
      <trkpt lat="-38.13815957866609096527099609375" lon="145.3632293455302715301513671875">
        <ele>187.1999969482421875</ele>
        <time>2026-03-31T08:05:00.000Z</time>
        <extensions>
          <ns3:TrackPointExtension>
            <ns3:atemp>27.0</ns3:atemp>
            <ns3:hr>146</ns3:hr>
          </ns3:TrackPointExtension>
        </extensions>
      </trkpt>
      <trkpt lat="-38.1381970457732677459716796875" lon="145.36332062445580959320068359375">
        <ele>190</ele>
        <time>2026-03-31T08:05:01.000Z</time>
        <extensions>
          <ns3:TrackPointExtension>
            <ns3:atemp>27.0</ns3:atemp>
            <ns3:hr>142</ns3:hr>
          </ns3:TrackPointExtension>
        </extensions>
      </trkpt>
      <trkpt lat="-38.138226382434368133544921875" lon="145.36342321895062923431396484375">
        <ele>191.8000030517578125</ele>
        <time>2026-03-31T08:05:02.000Z</time>
        <extensions>
          <ns3:TrackPointExtension>
            <ns3:atemp>27.0</ns3:atemp>
            <ns3:hr>142</ns3:hr>
          </ns3:TrackPointExtension>
        </extensions>
      </trkpt>
      <trkpt lat="-38.13826032914221286773681640625" lon="145.36352463997900485992431640625">
        <ele>193</ele>
        <time>2026-03-31T08:05:03.000Z</time>
        <extensions>
          <ns3:TrackPointExtension>
            <ns3:atemp>27.0</ns3:atemp>
            <ns3:hr>141</ns3:hr>
          </ns3:TrackPointExtension>
        </extensions>
      </trkpt>
      <trkpt lat="-38.13830559141933917999267578125" lon="145.3636286593973636627197265625">
        <ele>194.1999969482421875</ele>
        <time>2026-03-31T08:05:04.000Z</time>
        <extensions>
          <ns3:TrackPointExtension>
            <ns3:atemp>27.0</ns3:atemp>
            <ns3:hr>139</ns3:hr>
          </ns3:TrackPointExtension>
        </extensions>
      </trkpt>
      <trkpt lat="-38.13835169188678264617919921875" lon="145.363732092082500457763671875">
        <ele>195.8000030517578125</ele>
        <time>2026-03-31T08:05:05.000Z</time>
        <extensions>
          <ns3:TrackPointExtension>
            <ns3:atemp>27.0</ns3:atemp>
            <ns3:hr>139</ns3:hr>
          </ns3:TrackPointExtension>
        </extensions>
      </trkpt>
      <trkpt lat="-38.1383995525538921356201171875" lon="145.36384834907948970794677734375">
        <ele>197</ele>
        <time>2026-03-31T08:05:06.000Z</time>
        <extensions>
          <ns3:TrackPointExtension>
            <ns3:atemp>27.0</ns3:atemp>
            <ns3:hr>140</ns3:hr>
          </ns3:TrackPointExtension>
        </extensions>
      </trkpt>
      <trkpt lat="-38.13844255171716213226318359375" lon="145.36395530216395854949951171875">
        <ele>198.8000030517578125</ele>
        <time>2026-03-31T08:05:07.000Z</time>
        <extensions>
          <ns3:TrackPointExtension>
            <ns3:atemp>27.0</ns3:atemp>
            <ns3:hr>141</ns3:hr>
          </ns3:TrackPointExtension>
        </extensions>
      </trkpt>
      <trkpt lat="-38.1384843774139881134033203125" lon="145.36407248117029666900634765625">
        <ele>200</ele>
        <time>2026-03-31T08:05:08.000Z</time>
        <extensions>
          <ns3:TrackPointExtension>
            <ns3:atemp>27.0</ns3:atemp>
            <ns3:hr>141</ns3:hr>
          </ns3:TrackPointExtension>
        </extensions>
      </trkpt>
      <trkpt lat="-38.13852268271148204803466796875" lon="145.36418236792087554931640625">
        <ele>201</ele>
        <time>2026-03-31T08:05:09.000Z</time>
        <extensions>
          <ns3:TrackPointExtension>
            <ns3:atemp>27.0</ns3:atemp>
            <ns3:hr>141</ns3:hr>
          </ns3:TrackPointExtension>
        </extensions>
      </trkpt>
      <trkpt lat="-38.13856828026473522186279296875" lon="145.36427984945476055145263671875">
        <ele>202</ele>
        <time>2026-03-31T08:05:10.000Z</time>
        <extensions>
          <ns3:TrackPointExtension>
            <ns3:atemp>27.0</ns3:atemp>
            <ns3:hr>142</ns3:hr>
          </ns3:TrackPointExtension>
        </extensions>
      </trkpt>
      <trkpt lat="-38.1386409513652324676513671875" lon="145.36445050500333309173583984375">
        <ele>203.399993896484375</ele>
        <time>2026-03-31T08:05:12.000Z</time>
        <extensions>
          <ns3:TrackPointExtension>
            <ns3:atemp>27.0</ns3:atemp>
            <ns3:hr>141</ns3:hr>
          </ns3:TrackPointExtension>
        </extensions>
      </trkpt>
      <trkpt lat="-38.13872150145471096038818359375" lon="145.36466290242969989776611328125">
        <ele>204.399993896484375</ele>
        <time>2026-03-31T08:05:14.000Z</time>
        <extensions>
          <ns3:TrackPointExtension>
            <ns3:atemp>27.0</ns3:atemp>
            <ns3:hr>140</ns3:hr>
          </ns3:TrackPointExtension>
        </extensions>
      </trkpt>
      <trkpt lat="-38.138908334076404571533203125" lon="145.3650673292577266693115234375">
        <ele>205.399993896484375</ele>
        <time>2026-03-31T08:05:18.000Z</time>
        <extensions>
          <ns3:TrackPointExtension>
            <ns3:atemp>27.0</ns3:atemp>
            <ns3:hr>139</ns3:hr>
          </ns3:TrackPointExtension>
        </extensions>
      </trkpt>
      <trkpt lat="-38.13898502849042415618896484375" lon="145.36526539362967014312744140625">
        <ele>206.8000030517578125</ele>
        <time>2026-03-31T08:05:20.000Z</time>
        <extensions>
          <ns3:TrackPointExtension>
            <ns3:atemp>27.0</ns3:atemp>
            <ns3:hr>137</ns3:hr>
          </ns3:TrackPointExtension>
        </extensions>
      </trkpt>
      <trkpt lat="-38.13907689414918422698974609375" lon="145.36550737917423248291015625">
        <ele>207.399993896484375</ele>
        <time>2026-03-31T08:05:22.000Z</time>
        <extensions>
          <ns3:TrackPointExtension>
            <ns3:atemp>27.0</ns3:atemp>
            <ns3:hr>137</ns3:hr>
          </ns3:TrackPointExtension>
        </extensions>
      </trkpt>
      <trkpt lat="-38.1391720287501811981201171875" lon="145.36572472192347049713134765625">
        <ele>207.8000030517578125</ele>
        <time>2026-03-31T08:05:24.000Z</time>
        <extensions>
          <ns3:TrackPointExtension>
            <ns3:atemp>27.0</ns3:atemp>
            <ns3:hr>136</ns3:hr>
          </ns3:TrackPointExtension>
        </extensions>
      </trkpt>
      <trkpt lat="-38.13933589495718479156494140625" lon="145.36616443656384944915771484375">
        <ele>208.399993896484375</ele>
        <time>2026-03-31T08:05:28.000Z</time>
        <extensions>
          <ns3:TrackPointExtension>
            <ns3:atemp>27.0</ns3:atemp>
            <ns3:hr>132</ns3:hr>
          </ns3:TrackPointExtension>
        </extensions>
      </trkpt>
      <trkpt lat="-38.1393705122172832489013671875" lon="145.3662803582847118377685546875">
        <ele>208.600006103515625</ele>
        <time>2026-03-31T08:05:29.000Z</time>
        <extensions>
          <ns3:TrackPointExtension>
            <ns3:atemp>27.0</ns3:atemp>
            <ns3:hr>129</ns3:hr>
          </ns3:TrackPointExtension>
        </extensions>
      </trkpt>
      <trkpt lat="-38.1394110806286334991455078125" lon="145.36639024503529071807861328125">
        <ele>208.8000030517578125</ele>
        <time>2026-03-31T08:05:30.000Z</time>
        <extensions>
          <ns3:TrackPointExtension>
            <ns3:atemp>27.0</ns3:atemp>
            <ns3:hr>126</ns3:hr>
          </ns3:TrackPointExtension>
        </extensions>
      </trkpt>
      <trkpt lat="-38.13944636844098567962646484375" lon="145.36649443209171295166015625">
        <ele>208.8000030517578125</ele>
        <time>2026-03-31T08:05:31.000Z</time>
        <extensions>
          <ns3:TrackPointExtension>
            <ns3:atemp>27.0</ns3:atemp>
            <ns3:hr>125</ns3:hr>
          </ns3:TrackPointExtension>
        </extensions>
      </trkpt>
      <trkpt lat="-38.1395463645458221435546875" lon="145.36680984310805797576904296875">
        <ele>209.600006103515625</ele>
        <time>2026-03-31T08:05:34.000Z</time>
        <extensions>
          <ns3:TrackPointExtension>
            <ns3:atemp>27.0</ns3:atemp>
            <ns3:hr>122</ns3:hr>
          </ns3:TrackPointExtension>
        </extensions>
      </trkpt>
      <trkpt lat="-38.139577545225620269775390625" lon="145.366918556392192840576171875">
        <ele>210.1999969482421875</ele>
        <time>2026-03-31T08:05:35.000Z</time>
        <extensions>
          <ns3:TrackPointExtension>
            <ns3:atemp>27.0</ns3:atemp>
            <ns3:hr>121</ns3:hr>
          </ns3:TrackPointExtension>
        </extensions>
      </trkpt>
      <trkpt lat="-38.1396873481571674346923828125" lon="145.36734511144459247589111328125">
        <ele>211.1999969482421875</ele>
        <time>2026-03-31T08:05:39.000Z</time>
        <extensions>
          <ns3:TrackPointExtension>
            <ns3:atemp>27.0</ns3:atemp>
            <ns3:hr>121</ns3:hr>
          </ns3:TrackPointExtension>
        </extensions>
      </trkpt>
      <trkpt lat="-38.13976337201893329620361328125" lon="145.36766387522220611572265625">
        <ele>211.1999969482421875</ele>
        <time>2026-03-31T08:05:42.000Z</time>
        <extensions>
          <ns3:TrackPointExtension>
            <ns3:atemp>27.0</ns3:atemp>
            <ns3:hr>124</ns3:hr>
          </ns3:TrackPointExtension>
        </extensions>
      </trkpt>
      <trkpt lat="-38.13987753354012966156005859375" lon="145.36808690987527370452880859375">
        <ele>212.8000030517578125</ele>
        <time>2026-03-31T08:05:46.000Z</time>
        <extensions>
          <ns3:TrackPointExtension>
            <ns3:atemp>27.0</ns3:atemp>
            <ns3:hr>124</ns3:hr>
          </ns3:TrackPointExtension>
        </extensions>
      </trkpt>
      <trkpt lat="-38.1399290822446346282958984375" lon="145.3682997263967990875244140625">
        <ele>213.399993896484375</ele>
        <time>2026-03-31T08:05:48.000Z</time>
        <extensions>
          <ns3:TrackPointExtension>
            <ns3:atemp>27.0</ns3:atemp>
            <ns3:hr>124</ns3:hr>
          </ns3:TrackPointExtension>
        </extensions>
      </trkpt>
      <trkpt lat="-38.1399887613952159881591796875" lon="145.36851606331765651702880859375">
        <ele>213.600006103515625</ele>
        <time>2026-03-31T08:05:50.000Z</time>
        <extensions>
          <ns3:TrackPointExtension>
            <ns3:atemp>27.0</ns3:atemp>
            <ns3:hr>127</ns3:hr>
          </ns3:TrackPointExtension>
        </extensions>
      </trkpt>
      <trkpt lat="-38.14003477804362773895263671875" lon="145.36872762255370616912841796875">
        <ele>214.1999969482421875</ele>
        <time>2026-03-31T08:05:52.000Z</time>
        <extensions>
          <ns3:TrackPointExtension>
            <ns3:atemp>27.0</ns3:atemp>
            <ns3:hr>132</ns3:hr>
          </ns3:TrackPointExtension>
        </extensions>
      </trkpt>
      <trkpt lat="-38.14007149077951908111572265625" lon="145.36893901415169239044189453125">
        <ele>215.1999969482421875</ele>
        <time>2026-03-31T08:05:54.000Z</time>
        <extensions>
          <ns3:TrackPointExtension>
            <ns3:atemp>27.0</ns3:atemp>
            <ns3:hr>132</ns3:hr>
          </ns3:TrackPointExtension>
        </extensions>
      </trkpt>
      <trkpt lat="-38.1400983966886997222900390625" lon="145.36904278211295604705810546875">
        <ele>215.8000030517578125</ele>
        <time>2026-03-31T08:05:55.000Z</time>
        <extensions>
          <ns3:TrackPointExtension>
            <ns3:atemp>27.0</ns3:atemp>
            <ns3:hr>132</ns3:hr>
          </ns3:TrackPointExtension>
        </extensions>
      </trkpt>
      <trkpt lat="-38.14015380106866359710693359375" lon="145.3692738711833953857421875">
        <ele>216.600006103515625</ele>
        <time>2026-03-31T08:05:57.000Z</time>
        <extensions>
          <ns3:TrackPointExtension>
            <ns3:atemp>27.0</ns3:atemp>
            <ns3:hr>131</ns3:hr>
          </ns3:TrackPointExtension>
        </extensions>
      </trkpt>
      <trkpt lat="-38.140213228762149810791015625" lon="145.3694953210651874542236328125">
        <ele>217.600006103515625</ele>
        <time>2026-03-31T08:05:59.000Z</time>
        <extensions>
          <ns3:TrackPointExtension>
            <ns3:atemp>27.0</ns3:atemp>
            <ns3:hr>125</ns3:hr>
          </ns3:TrackPointExtension>
        </extensions>
      </trkpt>
      <trkpt lat="-38.14024717546999454498291015625" lon="145.369599424302577972412109375">
        <ele>218.1999969482421875</ele>
        <time>2026-03-31T08:06:00.000Z</time>
        <extensions>
          <ns3:TrackPointExtension>
            <ns3:atemp>27.0</ns3:atemp>
            <ns3:hr>122</ns3:hr>
          </ns3:TrackPointExtension>
        </extensions>
      </trkpt>
      <trkpt lat="-38.1402851454913616180419921875" lon="145.369698666036128997802734375">
        <ele>219.1999969482421875</ele>
        <time>2026-03-31T08:06:01.000Z</time>
        <extensions>
          <ns3:TrackPointExtension>
            <ns3:atemp>27.0</ns3:atemp>
            <ns3:hr>120</ns3:hr>
          </ns3:TrackPointExtension>
        </extensions>
      </trkpt>
      <trkpt lat="-38.140323199331760406494140625" lon="145.369798578321933746337890625">
        <ele>220.1999969482421875</ele>
        <time>2026-03-31T08:06:02.000Z</time>
        <extensions>
          <ns3:TrackPointExtension>
            <ns3:atemp>27.0</ns3:atemp>
            <ns3:hr>120</ns3:hr>
          </ns3:TrackPointExtension>
        </extensions>
      </trkpt>
      <trkpt lat="-38.14039335586130619049072265625" lon="145.37000251002609729766845703125">
        <ele>221.600006103515625</ele>
        <time>2026-03-31T08:06:04.000Z</time>
        <extensions>
          <ns3:TrackPointExtension>
            <ns3:atemp>27.0</ns3:atemp>
            <ns3:hr>120</ns3:hr>
          </ns3:TrackPointExtension>
        </extensions>
      </trkpt>
      <trkpt lat="-38.140493519604206085205078125" lon="145.37032990716397762298583984375">
        <ele>222.600006103515625</ele>
        <time>2026-03-31T08:06:07.000Z</time>
        <extensions>
          <ns3:TrackPointExtension>
            <ns3:atemp>27.0</ns3:atemp>
            <ns3:hr>120</ns3:hr>
          </ns3:TrackPointExtension>
        </extensions>
      </trkpt>
      <trkpt lat="-38.14056401140987873077392578125" lon="145.37055185995995998382568359375">
        <ele>223</ele>
        <time>2026-03-31T08:06:09.000Z</time>
        <extensions>
          <ns3:TrackPointExtension>
            <ns3:atemp>27.0</ns3:atemp>
            <ns3:hr>121</ns3:hr>
          </ns3:TrackPointExtension>
        </extensions>
      </trkpt>
      <trkpt lat="-38.140650428831577301025390625" lon="145.370772890746593475341796875">
        <ele>223.8000030517578125</ele>
        <time>2026-03-31T08:06:11.000Z</time>
        <extensions>
          <ns3:TrackPointExtension>
            <ns3:atemp>27.0</ns3:atemp>
            <ns3:hr>122</ns3:hr>
          </ns3:TrackPointExtension>
        </extensions>
      </trkpt>
      <trkpt lat="-38.14070516265928745269775390625" lon="145.37087238393723964691162109375">
        <ele>224.8000030517578125</ele>
        <time>2026-03-31T08:06:12.000Z</time>
        <extensions>
          <ns3:TrackPointExtension>
            <ns3:atemp>27.0</ns3:atemp>
            <ns3:hr>122</ns3:hr>
          </ns3:TrackPointExtension>
        </extensions>
      </trkpt>
      <trkpt lat="-38.14076752401888370513916015625" lon="145.3709655068814754486083984375">
        <ele>225.600006103515625</ele>
        <time>2026-03-31T08:06:13.000Z</time>
        <extensions>
          <ns3:TrackPointExtension>
            <ns3:atemp>27.0</ns3:atemp>
            <ns3:hr>122</ns3:hr>
          </ns3:TrackPointExtension>
        </extensions>
      </trkpt>
      <trkpt lat="-38.1409895606338977813720703125" lon="145.3712333925068378448486328125">
        <ele>226.600006103515625</ele>
        <time>2026-03-31T08:06:16.000Z</time>
        <extensions>
          <ns3:TrackPointExtension>
            <ns3:atemp>27.0</ns3:atemp>
            <ns3:hr>122</ns3:hr>
          </ns3:TrackPointExtension>
        </extensions>
      </trkpt>
      <trkpt lat="-38.14107329584658145904541015625" lon="145.37133590318262577056884765625">
        <ele>226.1999969482421875</ele>
        <time>2026-03-31T08:06:17.000Z</time>
        <extensions>
          <ns3:TrackPointExtension>
            <ns3:atemp>27.0</ns3:atemp>
            <ns3:hr>122</ns3:hr>
          </ns3:TrackPointExtension>
        </extensions>
      </trkpt>
      <trkpt lat="-38.14131637103855609893798828125" lon="145.371593646705150604248046875">
        <ele>226</ele>
        <time>2026-03-31T08:06:20.000Z</time>
        <extensions>
          <ns3:TrackPointExtension>
            <ns3:atemp>27.0</ns3:atemp>
            <ns3:hr>119</ns3:hr>
          </ns3:TrackPointExtension>
        </extensions>
      </trkpt>
      <trkpt lat="-38.1414951570332050323486328125" lon="145.37174887955188751220703125">
        <ele>226.399993896484375</ele>
        <time>2026-03-31T08:06:22.000Z</time>
        <extensions>
          <ns3:TrackPointExtension>
            <ns3:atemp>27.0</ns3:atemp>
            <ns3:hr>120</ns3:hr>
          </ns3:TrackPointExtension>
        </extensions>
      </trkpt>
      <trkpt lat="-38.14168475568294525146484375" lon="145.37189480848610401153564453125">
        <ele>228.1999969482421875</ele>
        <time>2026-03-31T08:06:24.000Z</time>
        <extensions>
          <ns3:TrackPointExtension>
            <ns3:atemp>27.0</ns3:atemp>
            <ns3:hr>119</ns3:hr>
          </ns3:TrackPointExtension>
        </extensions>
      </trkpt>
      <trkpt lat="-38.14206420443952083587646484375" lon="145.3721989877521991729736328125">
        <ele>229</ele>
        <time>2026-03-31T08:06:28.000Z</time>
        <extensions>
          <ns3:TrackPointExtension>
            <ns3:atemp>27.0</ns3:atemp>
            <ns3:hr>121</ns3:hr>
          </ns3:TrackPointExtension>
        </extensions>
      </trkpt>
      <trkpt lat="-38.1424807012081146240234375" lon="145.37247953005135059356689453125">
        <ele>228.1999969482421875</ele>
        <time>2026-03-31T08:06:32.000Z</time>
        <extensions>
          <ns3:TrackPointExtension>
            <ns3:atemp>27.0</ns3:atemp>
            <ns3:hr>122</ns3:hr>
          </ns3:TrackPointExtension>
        </extensions>
      </trkpt>
      <trkpt lat="-38.14267775975167751312255859375" lon="145.37260291166603565216064453125">
        <ele>229.1999969482421875</ele>
        <time>2026-03-31T08:06:34.000Z</time>
        <extensions>
          <ns3:TrackPointExtension>
            <ns3:atemp>27.0</ns3:atemp>
            <ns3:hr>123</ns3:hr>
          </ns3:TrackPointExtension>
        </extensions>
      </trkpt>
      <trkpt lat="-38.14277884550392627716064453125" lon="145.37267248146235942840576171875">
        <ele>229.600006103515625</ele>
        <time>2026-03-31T08:06:35.000Z</time>
        <extensions>
          <ns3:TrackPointExtension>
            <ns3:atemp>27.0</ns3:atemp>
            <ns3:hr>123</ns3:hr>
          </ns3:TrackPointExtension>
        </extensions>
      </trkpt>
      <trkpt lat="-38.143186457455158233642578125" lon="145.3729667700827121734619140625">
        <ele>230.600006103515625</ele>
        <time>2026-03-31T08:06:39.000Z</time>
        <extensions>
          <ns3:TrackPointExtension>
            <ns3:atemp>27.0</ns3:atemp>
            <ns3:hr>124</ns3:hr>
          </ns3:TrackPointExtension>
        </extensions>
      </trkpt>
      <trkpt lat="-38.14329533837735652923583984375" lon="145.37303374148905277252197265625">
        <ele>231</ele>
        <time>2026-03-31T08:06:40.000Z</time>
        <extensions>
          <ns3:TrackPointExtension>
            <ns3:atemp>27.0</ns3:atemp>
            <ns3:hr>124</ns3:hr>
          </ns3:TrackPointExtension>
        </extensions>
      </trkpt>
      <trkpt lat="-38.14369716681540012359619140625" lon="145.37334538064897060394287109375">
        <ele>231.8000030517578125</ele>
        <time>2026-03-31T08:06:44.000Z</time>
        <extensions>
          <ns3:TrackPointExtension>
            <ns3:atemp>27.0</ns3:atemp>
            <ns3:hr>123</ns3:hr>
          </ns3:TrackPointExtension>
        </extensions>
      </trkpt>
      <trkpt lat="-38.14379221759736537933349609375" lon="145.373427607119083404541015625">
        <ele>231.600006103515625</ele>
        <time>2026-03-31T08:06:45.000Z</time>
        <extensions>
          <ns3:TrackPointExtension>
            <ns3:atemp>27.0</ns3:atemp>
            <ns3:hr>121</ns3:hr>
          </ns3:TrackPointExtension>
        </extensions>
      </trkpt>
      <trkpt lat="-38.14387972466647624969482421875" lon="145.37350530736148357391357421875">
        <ele>231.600006103515625</ele>
        <time>2026-03-31T08:06:46.000Z</time>
        <extensions>
          <ns3:TrackPointExtension>
            <ns3:atemp>27.0</ns3:atemp>
            <ns3:hr>118</ns3:hr>
          </ns3:TrackPointExtension>
        </extensions>
      </trkpt>
      <trkpt lat="-38.14397745765745639801025390625" lon="145.373581834137439727783203125">
        <ele>231.399993896484375</ele>
        <time>2026-03-31T08:06:47.000Z</time>
        <extensions>
          <ns3:TrackPointExtension>
            <ns3:atemp>27.0</ns3:atemp>
            <ns3:hr>118</ns3:hr>
          </ns3:TrackPointExtension>
        </extensions>
      </trkpt>
      <trkpt lat="-38.14436369575560092926025390625" lon="145.37389758042991161346435546875">
        <ele>231.1999969482421875</ele>
        <time>2026-03-31T08:06:51.000Z</time>
        <extensions>
          <ns3:TrackPointExtension>
            <ns3:atemp>27.0</ns3:atemp>
            <ns3:hr>120</ns3:hr>
          </ns3:TrackPointExtension>
        </extensions>
      </trkpt>
      <trkpt lat="-38.14485571347177028656005859375" lon="145.37425808608531951904296875">
        <ele>231</ele>
        <time>2026-03-31T08:06:56.000Z</time>
        <extensions>
          <ns3:TrackPointExtension>
            <ns3:atemp>27.0</ns3:atemp>
            <ns3:hr>122</ns3:hr>
          </ns3:TrackPointExtension>
        </extensions>
      </trkpt>
      <trkpt lat="-38.14495763741433620452880859375" lon="145.3743336908519268035888671875">
        <ele>230.8000030517578125</ele>
        <time>2026-03-31T08:06:57.000Z</time>
        <extensions>
          <ns3:TrackPointExtension>
            <ns3:atemp>27.0</ns3:atemp>
            <ns3:hr>123</ns3:hr>
          </ns3:TrackPointExtension>
        </extensions>
      </trkpt>
      <trkpt lat="-38.145353011786937713623046875" lon="145.37463183514773845672607421875">
        <ele>230.399993896484375</ele>
        <time>2026-03-31T08:07:01.000Z</time>
        <extensions>
          <ns3:TrackPointExtension>
            <ns3:atemp>27.0</ns3:atemp>
            <ns3:hr>126</ns3:hr>
          </ns3:TrackPointExtension>
        </extensions>
      </trkpt>
      <trkpt lat="-38.14574805088341236114501953125" lon="145.3749207593500614166259765625">
        <ele>230.1999969482421875</ele>
        <time>2026-03-31T08:07:05.000Z</time>
        <extensions>
          <ns3:TrackPointExtension>
            <ns3:atemp>27.0</ns3:atemp>
            <ns3:hr>127</ns3:hr>
          </ns3:TrackPointExtension>
        </extensions>
      </trkpt>
      <trkpt lat="-38.14595282077789306640625" lon="145.375063084065914154052734375">
        <ele>230</ele>
        <time>2026-03-31T08:07:07.000Z</time>
        <extensions>
          <ns3:TrackPointExtension>
            <ns3:atemp>27.0</ns3:atemp>
            <ns3:hr>119</ns3:hr>
          </ns3:TrackPointExtension>
        </extensions>
      </trkpt>
      <trkpt lat="-38.14635322429239749908447265625" lon="145.375369526445865631103515625">
        <ele>230.600006103515625</ele>
        <time>2026-03-31T08:07:11.000Z</time>
        <extensions>
          <ns3:TrackPointExtension>
            <ns3:atemp>27.0</ns3:atemp>
            <ns3:hr>116</ns3:hr>
          </ns3:TrackPointExtension>
        </extensions>
      </trkpt>
      <trkpt lat="-38.14655640162527561187744140625" lon="145.37552081979811191558837890625">
        <ele>230.600006103515625</ele>
        <time>2026-03-31T08:07:13.000Z</time>
        <extensions>
          <ns3:TrackPointExtension>
            <ns3:atemp>27.0</ns3:atemp>
            <ns3:hr>116</ns3:hr>
          </ns3:TrackPointExtension>
        </extensions>
      </trkpt>
      <trkpt lat="-38.1468501873314380645751953125" lon="145.37574939429759979248046875">
        <ele>230.600006103515625</ele>
        <time>2026-03-31T08:07:16.000Z</time>
        <extensions>
          <ns3:TrackPointExtension>
            <ns3:atemp>27.0</ns3:atemp>
            <ns3:hr>122</ns3:hr>
          </ns3:TrackPointExtension>
        </extensions>
      </trkpt>
      <trkpt lat="-38.14715570770204067230224609375" lon="145.37594745866954326629638671875">
        <ele>231.1999969482421875</ele>
        <time>2026-03-31T08:07:19.000Z</time>
        <extensions>
          <ns3:TrackPointExtension>
            <ns3:atemp>27.0</ns3:atemp>
            <ns3:hr>119</ns3:hr>
          </ns3:TrackPointExtension>
        </extensions>
      </trkpt>
      <trkpt lat="-38.1472598947584629058837890625" lon="145.37601032294332981109619140625">
        <ele>232</ele>
        <time>2026-03-31T08:07:20.000Z</time>
        <extensions>
          <ns3:TrackPointExtension>
            <ns3:atemp>27.0</ns3:atemp>
            <ns3:hr>119</ns3:hr>
          </ns3:TrackPointExtension>
        </extensions>
      </trkpt>
      <trkpt lat="-38.1474830210208892822265625" lon="145.37612867541611194610595703125">
        <ele>232.600006103515625</ele>
        <time>2026-03-31T08:07:22.000Z</time>
        <extensions>
          <ns3:TrackPointExtension>
            <ns3:atemp>27.0</ns3:atemp>
            <ns3:hr>115</ns3:hr>
          </ns3:TrackPointExtension>
        </extensions>
      </trkpt>
      <trkpt lat="-38.14770472235977649688720703125" lon="145.3762471117079257965087890625">
        <ele>233</ele>
        <time>2026-03-31T08:07:24.000Z</time>
        <extensions>
          <ns3:TrackPointExtension>
            <ns3:atemp>27.0</ns3:atemp>
            <ns3:hr>108</ns3:hr>
          </ns3:TrackPointExtension>
        </extensions>
      </trkpt>
      <trkpt lat="-38.14781569875776767730712890625" lon="145.37630192935466766357421875">
        <ele>232.600006103515625</ele>
        <time>2026-03-31T08:07:25.000Z</time>
        <extensions>
          <ns3:TrackPointExtension>
            <ns3:atemp>27.0</ns3:atemp>
            <ns3:hr>105</ns3:hr>
          </ns3:TrackPointExtension>
        </extensions>
      </trkpt>
      <trkpt lat="-38.14815466292202472686767578125" lon="145.3764583356678485870361328125">
        <ele>232</ele>
        <time>2026-03-31T08:07:28.000Z</time>
        <extensions>
          <ns3:TrackPointExtension>
            <ns3:atemp>27.0</ns3:atemp>
            <ns3:hr>102</ns3:hr>
          </ns3:TrackPointExtension>
        </extensions>
      </trkpt>
      <trkpt lat="-38.14838751219213008880615234375" lon="145.37654609419405460357666015625">
        <ele>231.399993896484375</ele>
        <time>2026-03-31T08:07:30.000Z</time>
        <extensions>
          <ns3:TrackPointExtension>
            <ns3:atemp>27.0</ns3:atemp>
            <ns3:hr>99</ns3:hr>
          </ns3:TrackPointExtension>
        </extensions>
      </trkpt>
      <trkpt lat="-38.14850904978811740875244140625" lon="145.3765837289392948150634765625">
        <ele>231</ele>
        <time>2026-03-31T08:07:31.000Z</time>
        <extensions>
          <ns3:TrackPointExtension>
            <ns3:atemp>27.0</ns3:atemp>
            <ns3:hr>96</ns3:hr>
          </ns3:TrackPointExtension>
        </extensions>
      </trkpt>
      <trkpt lat="-38.14862606115639209747314453125" lon="145.376619435846805572509765625">
        <ele>231</ele>
        <time>2026-03-31T08:07:32.000Z</time>
        <extensions>
          <ns3:TrackPointExtension>
            <ns3:atemp>27.0</ns3:atemp>
            <ns3:hr>96</ns3:hr>
          </ns3:TrackPointExtension>
        </extensions>
      </trkpt>
      <trkpt lat="-38.14909729175269603729248046875" lon="145.37678112275898456573486328125">
        <ele>230.600006103515625</ele>
        <time>2026-03-31T08:07:36.000Z</time>
        <extensions>
          <ns3:TrackPointExtension>
            <ns3:atemp>27.0</ns3:atemp>
            <ns3:hr>96</ns3:hr>
          </ns3:TrackPointExtension>
        </extensions>
      </trkpt>
      <trkpt lat="-38.14932905137538909912109375" lon="145.37684013135731220245361328125">
        <ele>232</ele>
        <time>2026-03-31T08:07:38.000Z</time>
        <extensions>
          <ns3:TrackPointExtension>
            <ns3:atemp>27.0</ns3:atemp>
            <ns3:hr>96</ns3:hr>
          </ns3:TrackPointExtension>
        </extensions>
      </trkpt>
      <trkpt lat="-38.14957204274833202362060546875" lon="145.37690249271690845489501953125">
        <ele>233</ele>
        <time>2026-03-31T08:07:40.000Z</time>
        <extensions>
          <ns3:TrackPointExtension>
            <ns3:atemp>27.0</ns3:atemp>
            <ns3:hr>100</ns3:hr>
          </ns3:TrackPointExtension>
        </extensions>
      </trkpt>
      <trkpt lat="-38.14981461502611637115478515625" lon="145.37695697508752346038818359375">
        <ele>232.600006103515625</ele>
        <time>2026-03-31T08:07:42.000Z</time>
        <extensions>
          <ns3:TrackPointExtension>
            <ns3:atemp>27.0</ns3:atemp>
            <ns3:hr>104</ns3:hr>
          </ns3:TrackPointExtension>
        </extensions>
      </trkpt>
      <trkpt lat="-38.1500503979623317718505859375" lon="145.3770041652023792266845703125">
        <ele>231.600006103515625</ele>
        <time>2026-03-31T08:07:44.000Z</time>
        <extensions>
          <ns3:TrackPointExtension>
            <ns3:atemp>27.0</ns3:atemp>
            <ns3:hr>105</ns3:hr>
          </ns3:TrackPointExtension>
        </extensions>
      </trkpt>
      <trkpt lat="-38.15027880482375621795654296875" lon="145.37705353461205959320068359375">
        <ele>231.399993896484375</ele>
        <time>2026-03-31T08:07:46.000Z</time>
        <extensions>
          <ns3:TrackPointExtension>
            <ns3:atemp>27.0</ns3:atemp>
            <ns3:hr>107</ns3:hr>
          </ns3:TrackPointExtension>
        </extensions>
      </trkpt>
      <trkpt lat="-38.15063218586146831512451171875" lon="145.377114303410053253173828125">
        <ele>231</ele>
        <time>2026-03-31T08:07:49.000Z</time>
        <extensions>
          <ns3:TrackPointExtension>
            <ns3:atemp>27.0</ns3:atemp>
            <ns3:hr>110</ns3:hr>
          </ns3:TrackPointExtension>
        </extensions>
      </trkpt>
      <trkpt lat="-38.15098791383206844329833984375" lon="145.3771771676838397979736328125">
        <ele>230</ele>
        <time>2026-03-31T08:07:52.000Z</time>
        <extensions>
          <ns3:TrackPointExtension>
            <ns3:atemp>27.0</ns3:atemp>
            <ns3:hr>113</ns3:hr>
          </ns3:TrackPointExtension>
        </extensions>
      </trkpt>
      <trkpt lat="-38.15123249776661396026611328125" lon="145.3772110305726528167724609375">
        <ele>227.600006103515625</ele>
        <time>2026-03-31T08:07:54.000Z</time>
        <extensions>
          <ns3:TrackPointExtension>
            <ns3:atemp>27.0</ns3:atemp>
            <ns3:hr>113</ns3:hr>
          </ns3:TrackPointExtension>
        </extensions>
      </trkpt>
      <trkpt lat="-38.15135302953422069549560546875" lon="145.37722863256931304931640625">
        <ele>226.399993896484375</ele>
        <time>2026-03-31T08:07:55.000Z</time>
        <extensions>
          <ns3:TrackPointExtension>
            <ns3:atemp>27.0</ns3:atemp>
            <ns3:hr>113</ns3:hr>
          </ns3:TrackPointExtension>
        </extensions>
      </trkpt>
      <trkpt lat="-38.15146735869348049163818359375" lon="145.37724212743341922760009765625">
        <ele>225</ele>
        <time>2026-03-31T08:07:56.000Z</time>
        <extensions>
          <ns3:TrackPointExtension>
            <ns3:atemp>27.0</ns3:atemp>
            <ns3:hr>113</ns3:hr>
          </ns3:TrackPointExtension>
        </extensions>
      </trkpt>
      <trkpt lat="-38.15158638171851634979248046875" lon="145.37724799476563930511474609375">
        <ele>223.8000030517578125</ele>
        <time>2026-03-31T08:07:57.000Z</time>
        <extensions>
          <ns3:TrackPointExtension>
            <ns3:atemp>27.0</ns3:atemp>
            <ns3:hr>112</ns3:hr>
          </ns3:TrackPointExtension>
        </extensions>
      </trkpt>
      <trkpt lat="-38.1517059914767742156982421875" lon="145.37726241163909435272216796875">
        <ele>222.8000030517578125</ele>
        <time>2026-03-31T08:07:58.000Z</time>
        <extensions>
          <ns3:TrackPointExtension>
            <ns3:atemp>27.0</ns3:atemp>
            <ns3:hr>112</ns3:hr>
          </ns3:TrackPointExtension>
        </extensions>
      </trkpt>
      <trkpt lat="-38.15194730646908283233642578125" lon="145.37729375995695590972900390625">
        <ele>221</ele>
        <time>2026-03-31T08:08:00.000Z</time>
        <extensions>
          <ns3:TrackPointExtension>
            <ns3:atemp>27.0</ns3:atemp>
            <ns3:hr>112</ns3:hr>
          </ns3:TrackPointExtension>
        </extensions>
      </trkpt>
      <trkpt lat="-38.15218132920563220977783203125" lon="145.3773330710828304290771484375">
        <ele>219.399993896484375</ele>
        <time>2026-03-31T08:08:02.000Z</time>
        <extensions>
          <ns3:TrackPointExtension>
            <ns3:atemp>27.0</ns3:atemp>
            <ns3:hr>115</ns3:hr>
          </ns3:TrackPointExtension>
        </extensions>
      </trkpt>
      <trkpt lat="-38.15241434611380100250244140625" lon="145.3773795068264007568359375">
        <ele>217.8000030517578125</ele>
        <time>2026-03-31T08:08:04.000Z</time>
        <extensions>
          <ns3:TrackPointExtension>
            <ns3:atemp>27.0</ns3:atemp>
            <ns3:hr>116</ns3:hr>
          </ns3:TrackPointExtension>
        </extensions>
      </trkpt>
      <trkpt lat="-38.15264384262263774871826171875" lon="145.37744186818599700927734375">
        <ele>216.1999969482421875</ele>
        <time>2026-03-31T08:08:06.000Z</time>
        <extensions>
          <ns3:TrackPointExtension>
            <ns3:atemp>27.0</ns3:atemp>
            <ns3:hr>116</ns3:hr>
          </ns3:TrackPointExtension>
        </extensions>
      </trkpt>
      <trkpt lat="-38.15276051871478557586669921875" lon="145.37748822011053562164306640625">
        <ele>215.1999969482421875</ele>
        <time>2026-03-31T08:08:07.000Z</time>
        <extensions>
          <ns3:TrackPointExtension>
            <ns3:atemp>27.0</ns3:atemp>
            <ns3:hr>115</ns3:hr>
          </ns3:TrackPointExtension>
        </extensions>
      </trkpt>
      <trkpt lat="-38.1528720818459987640380859375" lon="145.37753398530185222625732421875">
        <ele>214</ele>
        <time>2026-03-31T08:08:08.000Z</time>
        <extensions>
          <ns3:TrackPointExtension>
            <ns3:atemp>27.0</ns3:atemp>
            <ns3:hr>116</ns3:hr>
          </ns3:TrackPointExtension>
        </extensions>
      </trkpt>
      <trkpt lat="-38.15308950841426849365234375" lon="145.3776331432163715362548828125">
        <ele>212.1999969482421875</ele>
        <time>2026-03-31T08:08:10.000Z</time>
        <extensions>
          <ns3:TrackPointExtension>
            <ns3:atemp>27.0</ns3:atemp>
            <ns3:hr>116</ns3:hr>
          </ns3:TrackPointExtension>
        </extensions>
      </trkpt>
      <trkpt lat="-38.1531892530620098114013671875" lon="145.37769240327179431915283203125">
        <ele>211.1999969482421875</ele>
        <time>2026-03-31T08:08:11.000Z</time>
        <extensions>
          <ns3:TrackPointExtension>
            <ns3:atemp>27.0</ns3:atemp>
            <ns3:hr>116</ns3:hr>
          </ns3:TrackPointExtension>
        </extensions>
      </trkpt>
      <trkpt lat="-38.15328857861459255218505859375" lon="145.377766080200672149658203125">
        <ele>210</ele>
        <time>2026-03-31T08:08:12.000Z</time>
        <extensions>
          <ns3:TrackPointExtension>
            <ns3:atemp>27.0</ns3:atemp>
            <ns3:hr>116</ns3:hr>
          </ns3:TrackPointExtension>
        </extensions>
      </trkpt>
      <trkpt lat="-38.15337943844497203826904296875" lon="145.37784579209983348846435546875">
        <ele>209</ele>
        <time>2026-03-31T08:08:13.000Z</time>
        <extensions>
          <ns3:TrackPointExtension>
            <ns3:atemp>27.0</ns3:atemp>
            <ns3:hr>117</ns3:hr>
          </ns3:TrackPointExtension>
        </extensions>
      </trkpt>
      <trkpt lat="-38.1534614972770214080810546875" lon="145.37792055867612361907958984375">
        <ele>207.8000030517578125</ele>
        <time>2026-03-31T08:08:14.000Z</time>
        <extensions>
          <ns3:TrackPointExtension>
            <ns3:atemp>27.0</ns3:atemp>
            <ns3:hr>117</ns3:hr>
          </ns3:TrackPointExtension>
        </extensions>
      </trkpt>
      <trkpt lat="-38.153545148670673370361328125" lon="145.37800622172653675079345703125">
        <ele>206.600006103515625</ele>
        <time>2026-03-31T08:08:15.000Z</time>
        <extensions>
          <ns3:TrackPointExtension>
            <ns3:atemp>27.0</ns3:atemp>
            <ns3:hr>117</ns3:hr>
          </ns3:TrackPointExtension>
        </extensions>
      </trkpt>
      <trkpt lat="-38.153624273836612701416015625" lon="145.378088615834712982177734375">
        <ele>205.399993896484375</ele>
        <time>2026-03-31T08:08:16.000Z</time>
        <extensions>
          <ns3:TrackPointExtension>
            <ns3:atemp>27.0</ns3:atemp>
            <ns3:hr>117</ns3:hr>
          </ns3:TrackPointExtension>
        </extensions>
      </trkpt>
      <trkpt lat="-38.15368705429136753082275390625" lon="145.37818609736859798431396484375">
        <ele>204.399993896484375</ele>
        <time>2026-03-31T08:08:17.000Z</time>
        <extensions>
          <ns3:TrackPointExtension>
            <ns3:atemp>27.0</ns3:atemp>
            <ns3:hr>117</ns3:hr>
          </ns3:TrackPointExtension>
        </extensions>
      </trkpt>
      <trkpt lat="-38.153795264661312103271484375" lon="145.37839581258594989776611328125">
        <ele>202.600006103515625</ele>
        <time>2026-03-31T08:08:19.000Z</time>
        <extensions>
          <ns3:TrackPointExtension>
            <ns3:atemp>27.0</ns3:atemp>
            <ns3:hr>118</ns3:hr>
          </ns3:TrackPointExtension>
        </extensions>
      </trkpt>
      <trkpt lat="-38.15391001291573047637939453125" lon="145.37859295494854450225830078125">
        <ele>201</ele>
        <time>2026-03-31T08:08:21.000Z</time>
        <extensions>
          <ns3:TrackPointExtension>
            <ns3:atemp>27.0</ns3:atemp>
            <ns3:hr>119</ns3:hr>
          </ns3:TrackPointExtension>
        </extensions>
      </trkpt>
      <trkpt lat="-38.15400414168834686279296875" lon="145.37877132184803485870361328125">
        <ele>199.1999969482421875</ele>
        <time>2026-03-31T08:08:23.000Z</time>
        <extensions>
          <ns3:TrackPointExtension>
            <ns3:atemp>27.0</ns3:atemp>
            <ns3:hr>119</ns3:hr>
          </ns3:TrackPointExtension>
        </extensions>
      </trkpt>
      <trkpt lat="-38.15404705703258514404296875" lon="145.3788676299154758453369140625">
        <ele>198.600006103515625</ele>
        <time>2026-03-31T08:08:24.000Z</time>
        <extensions>
          <ns3:TrackPointExtension>
            <ns3:atemp>27.0</ns3:atemp>
            <ns3:hr>119</ns3:hr>
          </ns3:TrackPointExtension>
        </extensions>
      </trkpt>
      <trkpt lat="-38.15414001233875751495361328125" lon="145.3790704719722270965576171875">
        <ele>197.399993896484375</ele>
        <time>2026-03-31T08:08:26.000Z</time>
        <extensions>
          <ns3:TrackPointExtension>
            <ns3:atemp>27.0</ns3:atemp>
            <ns3:hr>120</ns3:hr>
          </ns3:TrackPointExtension>
        </extensions>
      </trkpt>
      <trkpt lat="-38.15417722798883914947509765625" lon="145.37916560657322406768798828125">
        <ele>196.1999969482421875</ele>
        <time>2026-03-31T08:08:27.000Z</time>
        <extensions>
          <ns3:TrackPointExtension>
            <ns3:atemp>27.0</ns3:atemp>
            <ns3:hr>120</ns3:hr>
          </ns3:TrackPointExtension>
        </extensions>
      </trkpt>
      <trkpt lat="-38.15426222048699855804443359375" lon="145.37936291657388210296630859375">
        <ele>194.1999969482421875</ele>
        <time>2026-03-31T08:08:29.000Z</time>
        <extensions>
          <ns3:TrackPointExtension>
            <ns3:atemp>27.0</ns3:atemp>
            <ns3:hr>120</ns3:hr>
          </ns3:TrackPointExtension>
        </extensions>
      </trkpt>
      <trkpt lat="-38.1542986817657947540283203125" lon="145.3794634155929088592529296875">
        <ele>192.8000030517578125</ele>
        <time>2026-03-31T08:08:30.000Z</time>
        <extensions>
          <ns3:TrackPointExtension>
            <ns3:atemp>27.0</ns3:atemp>
            <ns3:hr>119</ns3:hr>
          </ns3:TrackPointExtension>
        </extensions>
      </trkpt>
      <trkpt lat="-38.15437420271337032318115234375" lon="145.37965728901326656341552734375">
        <ele>191</ele>
        <time>2026-03-31T08:08:32.000Z</time>
        <extensions>
          <ns3:TrackPointExtension>
            <ns3:atemp>27.0</ns3:atemp>
            <ns3:hr>119</ns3:hr>
          </ns3:TrackPointExtension>
        </extensions>
      </trkpt>
      <trkpt lat="-38.154431618750095367431640625" lon="145.37984822876751422882080078125">
        <ele>189.1999969482421875</ele>
        <time>2026-03-31T08:08:34.000Z</time>
        <extensions>
          <ns3:TrackPointExtension>
            <ns3:atemp>27.0</ns3:atemp>
            <ns3:hr>118</ns3:hr>
          </ns3:TrackPointExtension>
        </extensions>
      </trkpt>
      <trkpt lat="-38.1544867716729640960693359375" lon="145.38004034198820590972900390625">
        <ele>188.1999969482421875</ele>
        <time>2026-03-31T08:08:36.000Z</time>
        <extensions>
          <ns3:TrackPointExtension>
            <ns3:atemp>27.0</ns3:atemp>
            <ns3:hr>118</ns3:hr>
          </ns3:TrackPointExtension>
        </extensions>
      </trkpt>
      <trkpt lat="-38.15451183356344699859619140625" lon="145.38013170473277568817138671875">
        <ele>187.600006103515625</ele>
        <time>2026-03-31T08:08:37.000Z</time>
        <extensions>
          <ns3:TrackPointExtension>
            <ns3:atemp>27.0</ns3:atemp>
            <ns3:hr>116</ns3:hr>
          </ns3:TrackPointExtension>
        </extensions>
      </trkpt>
      <trkpt lat="-38.15454536117613315582275390625" lon="145.38032432086765766143798828125">
        <ele>186.1999969482421875</ele>
        <time>2026-03-31T08:08:39.000Z</time>
        <extensions>
          <ns3:TrackPointExtension>
            <ns3:atemp>27.0</ns3:atemp>
            <ns3:hr>113</ns3:hr>
          </ns3:TrackPointExtension>
        </extensions>
      </trkpt>
      <trkpt lat="-38.15456078387796878814697265625" lon="145.38042247295379638671875">
        <ele>184.8000030517578125</ele>
        <time>2026-03-31T08:08:40.000Z</time>
        <extensions>
          <ns3:TrackPointExtension>
            <ns3:atemp>27.0</ns3:atemp>
            <ns3:hr>113</ns3:hr>
          </ns3:TrackPointExtension>
        </extensions>
      </trkpt>
      <trkpt lat="-38.15457821823656558990478515625" lon="145.38051140494644641876220703125">
        <ele>183.8000030517578125</ele>
        <time>2026-03-31T08:08:41.000Z</time>
        <extensions>
          <ns3:TrackPointExtension>
            <ns3:atemp>27.0</ns3:atemp>
            <ns3:hr>114</ns3:hr>
          </ns3:TrackPointExtension>
        </extensions>
      </trkpt>
      <trkpt lat="-38.1546016037464141845703125" lon="145.38061031140387058258056640625">
        <ele>182.8000030517578125</ele>
        <time>2026-03-31T08:08:42.000Z</time>
        <extensions>
          <ns3:TrackPointExtension>
            <ns3:atemp>27.0</ns3:atemp>
            <ns3:hr>115</ns3:hr>
          </ns3:TrackPointExtension>
        </extensions>
      </trkpt>
      <trkpt lat="-38.15464678220450878143310546875" lon="145.38080762140452861785888671875">
        <ele>180.8000030517578125</ele>
        <time>2026-03-31T08:08:44.000Z</time>
        <extensions>
          <ns3:TrackPointExtension>
            <ns3:atemp>27.0</ns3:atemp>
            <ns3:hr>116</ns3:hr>
          </ns3:TrackPointExtension>
        </extensions>
      </trkpt>
      <trkpt lat="-38.1546795554459095001220703125" lon="145.38100979290902614593505859375">
        <ele>179.399993896484375</ele>
        <time>2026-03-31T08:08:46.000Z</time>
        <extensions>
          <ns3:TrackPointExtension>
            <ns3:atemp>27.0</ns3:atemp>
            <ns3:hr>117</ns3:hr>
          </ns3:TrackPointExtension>
        </extensions>
      </trkpt>
      <trkpt lat="-38.15473244525492191314697265625" lon="145.3812091983854770660400390625">
        <ele>177.8000030517578125</ele>
        <time>2026-03-31T08:08:48.000Z</time>
        <extensions>
          <ns3:TrackPointExtension>
            <ns3:atemp>27.0</ns3:atemp>
            <ns3:hr>116</ns3:hr>
          </ns3:TrackPointExtension>
        </extensions>
      </trkpt>
      <trkpt lat="-38.154782988131046295166015625" lon="145.381399132311344146728515625">
        <ele>176</ele>
        <time>2026-03-31T08:08:50.000Z</time>
        <extensions>
          <ns3:TrackPointExtension>
            <ns3:atemp>27.0</ns3:atemp>
            <ns3:hr>118</ns3:hr>
          </ns3:TrackPointExtension>
        </extensions>
      </trkpt>
      <trkpt lat="-38.1548233889043331146240234375" lon="145.381594933569431304931640625">
        <ele>174</ele>
        <time>2026-03-31T08:08:52.000Z</time>
        <extensions>
          <ns3:TrackPointExtension>
            <ns3:atemp>27.0</ns3:atemp>
            <ns3:hr>118</ns3:hr>
          </ns3:TrackPointExtension>
        </extensions>
      </trkpt>
      <trkpt lat="-38.15484727732837200164794921875" lon="145.38170498795807361602783203125">
        <ele>173</ele>
        <time>2026-03-31T08:08:53.000Z</time>
        <extensions>
          <ns3:TrackPointExtension>
            <ns3:atemp>27.0</ns3:atemp>
            <ns3:hr>118</ns3:hr>
          </ns3:TrackPointExtension>
        </extensions>
      </trkpt>
      <trkpt lat="-38.1548813916742801666259765625" lon="145.381896682083606719970703125">
        <ele>171.1999969482421875</ele>
        <time>2026-03-31T08:08:55.000Z</time>
        <extensions>
          <ns3:TrackPointExtension>
            <ns3:atemp>27.0</ns3:atemp>
            <ns3:hr>119</ns3:hr>
          </ns3:TrackPointExtension>
        </extensions>
      </trkpt>
      <trkpt lat="-38.15491433255374431610107421875" lon="145.3820933215320110321044921875">
        <ele>169.600006103515625</ele>
        <time>2026-03-31T08:08:57.000Z</time>
        <extensions>
          <ns3:TrackPointExtension>
            <ns3:atemp>27.0</ns3:atemp>
            <ns3:hr>119</ns3:hr>
          </ns3:TrackPointExtension>
        </extensions>
      </trkpt>
      <trkpt lat="-38.1549233011901378631591796875" lon="145.38218560628592967987060546875">
        <ele>168.399993896484375</ele>
        <time>2026-03-31T08:08:58.000Z</time>
        <extensions>
          <ns3:TrackPointExtension>
            <ns3:atemp>27.0</ns3:atemp>
            <ns3:hr>118</ns3:hr>
          </ns3:TrackPointExtension>
        </extensions>
      </trkpt>
      <trkpt lat="-38.1549504585564136505126953125" lon="145.3823937289416790008544921875">
        <ele>167</ele>
        <time>2026-03-31T08:09:00.000Z</time>
        <extensions>
          <ns3:TrackPointExtension>
            <ns3:atemp>27.0</ns3:atemp>
            <ns3:hr>116</ns3:hr>
          </ns3:TrackPointExtension>
        </extensions>
      </trkpt>
      <trkpt lat="-38.15497384406626224517822265625" lon="145.3825777955353260040283203125">
        <ele>165.8000030517578125</ele>
        <time>2026-03-31T08:09:02.000Z</time>
        <extensions>
          <ns3:TrackPointExtension>
            <ns3:atemp>27.0</ns3:atemp>
            <ns3:hr>116</ns3:hr>
          </ns3:TrackPointExtension>
        </extensions>
      </trkpt>
      <trkpt lat="-38.15499521791934967041015625" lon="145.382674522697925567626953125">
        <ele>165.1999969482421875</ele>
        <time>2026-03-31T08:09:03.000Z</time>
        <extensions>
          <ns3:TrackPointExtension>
            <ns3:atemp>27.0</ns3:atemp>
            <ns3:hr>116</ns3:hr>
          </ns3:TrackPointExtension>
        </extensions>
      </trkpt>
      <trkpt lat="-38.1550064496695995330810546875" lon="145.38277485407888889312744140625">
        <ele>164.399993896484375</ele>
        <time>2026-03-31T08:09:04.000Z</time>
        <extensions>
          <ns3:TrackPointExtension>
            <ns3:atemp>27.0</ns3:atemp>
            <ns3:hr>115</ns3:hr>
          </ns3:TrackPointExtension>
        </extensions>
      </trkpt>
      <trkpt lat="-38.1550347805023193359375" lon="145.38295825012028217315673828125">
        <ele>162.600006103515625</ele>
        <time>2026-03-31T08:09:06.000Z</time>
        <extensions>
          <ns3:TrackPointExtension>
            <ns3:atemp>27.0</ns3:atemp>
            <ns3:hr>115</ns3:hr>
          </ns3:TrackPointExtension>
        </extensions>
      </trkpt>
      <trkpt lat="-38.15505682490766048431396484375" lon="145.383062772452831268310546875">
        <ele>161.600006103515625</ele>
        <time>2026-03-31T08:09:07.000Z</time>
        <extensions>
          <ns3:TrackPointExtension>
            <ns3:atemp>27.0</ns3:atemp>
            <ns3:hr>114</ns3:hr>
          </ns3:TrackPointExtension>
        </extensions>
      </trkpt>
      <trkpt lat="-38.15507710911333560943603515625" lon="145.38315706886351108551025390625">
        <ele>160.399993896484375</ele>
        <time>2026-03-31T08:09:08.000Z</time>
        <extensions>
          <ns3:TrackPointExtension>
            <ns3:atemp>27.0</ns3:atemp>
            <ns3:hr>114</ns3:hr>
          </ns3:TrackPointExtension>
        </extensions>
      </trkpt>
      <trkpt lat="-38.155105523765087127685546875" lon="145.3832470066845417022705078125">
        <ele>159.399993896484375</ele>
        <time>2026-03-31T08:09:09.000Z</time>
        <extensions>
          <ns3:TrackPointExtension>
            <ns3:atemp>27.0</ns3:atemp>
            <ns3:hr>114</ns3:hr>
          </ns3:TrackPointExtension>
        </extensions>
      </trkpt>
      <trkpt lat="-38.15514366142451763153076171875" lon="145.38342763669788837432861328125">
        <ele>157.600006103515625</ele>
        <time>2026-03-31T08:09:11.000Z</time>
        <extensions>
          <ns3:TrackPointExtension>
            <ns3:atemp>27.0</ns3:atemp>
            <ns3:hr>113</ns3:hr>
          </ns3:TrackPointExtension>
        </extensions>
      </trkpt>
      <trkpt lat="-38.15519043244421482086181640625" lon="145.38361052982509136199951171875">
        <ele>156</ele>
        <time>2026-03-31T08:09:13.000Z</time>
        <extensions>
          <ns3:TrackPointExtension>
            <ns3:atemp>27.0</ns3:atemp>
            <ns3:hr>112</ns3:hr>
          </ns3:TrackPointExtension>
        </extensions>
      </trkpt>
      <trkpt lat="-38.15521155484020709991455078125" lon="145.38370759226381778717041015625">
        <ele>155.399993896484375</ele>
        <time>2026-03-31T08:09:14.000Z</time>
        <extensions>
          <ns3:TrackPointExtension>
            <ns3:atemp>27.0</ns3:atemp>
            <ns3:hr>112</ns3:hr>
          </ns3:TrackPointExtension>
        </extensions>
      </trkpt>
      <trkpt lat="-38.15523284487426280975341796875" lon="145.383803732693195343017578125">
        <ele>154.600006103515625</ele>
        <time>2026-03-31T08:09:15.000Z</time>
        <extensions>
          <ns3:TrackPointExtension>
            <ns3:atemp>27.0</ns3:atemp>
            <ns3:hr>112</ns3:hr>
          </ns3:TrackPointExtension>
        </extensions>
      </trkpt>
      <trkpt lat="-38.1552750058472156524658203125" lon="145.383989475667476654052734375">
        <ele>153</ele>
        <time>2026-03-31T08:09:17.000Z</time>
        <extensions>
          <ns3:TrackPointExtension>
            <ns3:atemp>27.0</ns3:atemp>
            <ns3:hr>112</ns3:hr>
          </ns3:TrackPointExtension>
        </extensions>
      </trkpt>
      <trkpt lat="-38.1553095392882823944091796875" lon="145.384159125387668609619140625">
        <ele>151.1999969482421875</ele>
        <time>2026-03-31T08:09:19.000Z</time>
        <extensions>
          <ns3:TrackPointExtension>
            <ns3:atemp>27.0</ns3:atemp>
            <ns3:hr>112</ns3:hr>
          </ns3:TrackPointExtension>
        </extensions>
      </trkpt>
      <trkpt lat="-38.15535597503185272216796875" lon="145.38433489389717578887939453125">
        <ele>149.399993896484375</ele>
        <time>2026-03-31T08:09:21.000Z</time>
        <extensions>
          <ns3:TrackPointExtension>
            <ns3:atemp>27.0</ns3:atemp>
            <ns3:hr>112</ns3:hr>
          </ns3:TrackPointExtension>
        </extensions>
      </trkpt>
      <trkpt lat="-38.15537500195205211639404296875" lon="145.38442390970885753631591796875">
        <ele>148.399993896484375</ele>
        <time>2026-03-31T08:09:22.000Z</time>
        <extensions>
          <ns3:TrackPointExtension>
            <ns3:atemp>27.0</ns3:atemp>
            <ns3:hr>111</ns3:hr>
          </ns3:TrackPointExtension>
        </extensions>
      </trkpt>
      <trkpt lat="-38.15540987066924571990966796875" lon="145.38460780866444110870361328125">
        <ele>146.600006103515625</ele>
        <time>2026-03-31T08:09:24.000Z</time>
        <extensions>
          <ns3:TrackPointExtension>
            <ns3:atemp>27.0</ns3:atemp>
            <ns3:hr>111</ns3:hr>
          </ns3:TrackPointExtension>
        </extensions>
      </trkpt>
      <trkpt lat="-38.1554285623133182525634765625" lon="145.384700261056423187255859375">
        <ele>145.600006103515625</ele>
        <time>2026-03-31T08:09:25.000Z</time>
        <extensions>
          <ns3:TrackPointExtension>
            <ns3:atemp>27.0</ns3:atemp>
            <ns3:hr>106</ns3:hr>
          </ns3:TrackPointExtension>
        </extensions>
      </trkpt>
      <trkpt lat="-38.15544180572032928466796875" lon="145.38479472510516643524169921875">
        <ele>144.399993896484375</ele>
        <time>2026-03-31T08:09:26.000Z</time>
        <extensions>
          <ns3:TrackPointExtension>
            <ns3:atemp>27.0</ns3:atemp>
            <ns3:hr>109</ns3:hr>
          </ns3:TrackPointExtension>
        </extensions>
      </trkpt>
      <trkpt lat="-38.15546192228794097900390625" lon="145.38488323800265789031982421875">
        <ele>143.399993896484375</ele>
        <time>2026-03-31T08:09:27.000Z</time>
        <extensions>
          <ns3:TrackPointExtension>
            <ns3:atemp>27.0</ns3:atemp>
            <ns3:hr>110</ns3:hr>
          </ns3:TrackPointExtension>
        </extensions>
      </trkpt>
      <trkpt lat="-38.15548094920814037322998046875" lon="145.38496823050081729888916015625">
        <ele>142.1999969482421875</ele>
        <time>2026-03-31T08:09:28.000Z</time>
        <extensions>
          <ns3:TrackPointExtension>
            <ns3:atemp>27.0</ns3:atemp>
            <ns3:hr>110</ns3:hr>
          </ns3:TrackPointExtension>
        </extensions>
      </trkpt>
      <trkpt lat="-38.15550349652767181396484375" lon="145.38505624048411846160888671875">
        <ele>141.1999969482421875</ele>
        <time>2026-03-31T08:09:29.000Z</time>
        <extensions>
          <ns3:TrackPointExtension>
            <ns3:atemp>27.0</ns3:atemp>
            <ns3:hr>111</ns3:hr>
          </ns3:TrackPointExtension>
        </extensions>
      </trkpt>
      <trkpt lat="-38.15552621148526668548583984375" lon="145.385148189961910247802734375">
        <ele>140</ele>
        <time>2026-03-31T08:09:30.000Z</time>
        <extensions>
          <ns3:TrackPointExtension>
            <ns3:atemp>27.0</ns3:atemp>
            <ns3:hr>111</ns3:hr>
          </ns3:TrackPointExtension>
        </extensions>
      </trkpt>
      <trkpt lat="-38.15556946210563182830810546875" lon="145.3853381238877773284912109375">
        <ele>138.399993896484375</ele>
        <time>2026-03-31T08:09:32.000Z</time>
        <extensions>
          <ns3:TrackPointExtension>
            <ns3:atemp>27.0</ns3:atemp>
            <ns3:hr>111</ns3:hr>
          </ns3:TrackPointExtension>
        </extensions>
      </trkpt>
      <trkpt lat="-38.15561723895370960235595703125" lon="145.38552068173885345458984375">
        <ele>137</ele>
        <time>2026-03-31T08:09:34.000Z</time>
        <extensions>
          <ns3:TrackPointExtension>
            <ns3:atemp>27.0</ns3:atemp>
            <ns3:hr>110</ns3:hr>
          </ns3:TrackPointExtension>
        </extensions>
      </trkpt>
      <trkpt lat="-38.15566065721213817596435546875" lon="145.38578529842197895050048828125">
        <ele>136</ele>
        <time>2026-03-31T08:09:37.000Z</time>
        <extensions>
          <ns3:TrackPointExtension>
            <ns3:atemp>27.0</ns3:atemp>
            <ns3:hr>111</ns3:hr>
          </ns3:TrackPointExtension>
        </extensions>
      </trkpt>
      <trkpt lat="-38.15567792393267154693603515625" lon="145.38587867282330989837646484375">
        <ele>135</ele>
        <time>2026-03-31T08:09:38.000Z</time>
        <extensions>
          <ns3:TrackPointExtension>
            <ns3:atemp>27.0</ns3:atemp>
            <ns3:hr>111</ns3:hr>
          </ns3:TrackPointExtension>
        </extensions>
      </trkpt>
      <trkpt lat="-38.15569653175771236419677734375" lon="145.38596567697823047637939453125">
        <ele>134</ele>
        <time>2026-03-31T08:09:39.000Z</time>
        <extensions>
          <ns3:TrackPointExtension>
            <ns3:atemp>27.0</ns3:atemp>
            <ns3:hr>110</ns3:hr>
          </ns3:TrackPointExtension>
        </extensions>
      </trkpt>
      <trkpt lat="-38.15572419203817844390869140625" lon="145.38605351932346820831298828125">
        <ele>132.1999969482421875</ele>
        <time>2026-03-31T08:09:40.000Z</time>
        <extensions>
          <ns3:TrackPointExtension>
            <ns3:atemp>27.0</ns3:atemp>
            <ns3:hr>110</ns3:hr>
          </ns3:TrackPointExtension>
        </extensions>
      </trkpt>
      <trkpt lat="-38.1557433865964412689208984375" lon="145.38614152930676937103271484375">
        <ele>131</ele>
        <time>2026-03-31T08:09:41.000Z</time>
        <extensions>
          <ns3:TrackPointExtension>
            <ns3:atemp>27.0</ns3:atemp>
            <ns3:hr>110</ns3:hr>
          </ns3:TrackPointExtension>
        </extensions>
      </trkpt>
      <trkpt lat="-38.15578219480812549591064453125" lon="145.38630816154181957244873046875">
        <ele>129.1999969482421875</ele>
        <time>2026-03-31T08:09:43.000Z</time>
        <extensions>
          <ns3:TrackPointExtension>
            <ns3:atemp>27.0</ns3:atemp>
            <ns3:hr>110</ns3:hr>
          </ns3:TrackPointExtension>
        </extensions>
      </trkpt>
      <trkpt lat="-38.1558072566986083984375" lon="145.38647445850074291229248046875">
        <ele>127</ele>
        <time>2026-03-31T08:09:45.000Z</time>
        <extensions>
          <ns3:TrackPointExtension>
            <ns3:atemp>27.0</ns3:atemp>
            <ns3:hr>111</ns3:hr>
          </ns3:TrackPointExtension>
        </extensions>
      </trkpt>
      <trkpt lat="-38.1558208353817462921142578125" lon="145.3865622170269489288330078125">
        <ele>125.40000152587890625</ele>
        <time>2026-03-31T08:09:46.000Z</time>
        <extensions>
          <ns3:TrackPointExtension>
            <ns3:atemp>27.0</ns3:atemp>
            <ns3:hr>111</ns3:hr>
          </ns3:TrackPointExtension>
        </extensions>
      </trkpt>
      <trkpt lat="-38.15583164803683757781982421875" lon="145.38664310239255428314208984375">
        <ele>123.40000152587890625</ele>
        <time>2026-03-31T08:09:47.000Z</time>
        <extensions>
          <ns3:TrackPointExtension>
            <ns3:atemp>27.0</ns3:atemp>
            <ns3:hr>112</ns3:hr>
          </ns3:TrackPointExtension>
        </extensions>
      </trkpt>
      <trkpt lat="-38.1558312289416790008544921875" lon="145.38672457449138164520263671875">
        <ele>121.1999969482421875</ele>
        <time>2026-03-31T08:09:48.000Z</time>
        <extensions>
          <ns3:TrackPointExtension>
            <ns3:atemp>27.0</ns3:atemp>
            <ns3:hr>112</ns3:hr>
          </ns3:TrackPointExtension>
        </extensions>
      </trkpt>
      <trkpt lat="-38.15580868162214756011962890625" lon="145.38678693585097789764404296875">
        <ele>119.1999969482421875</ele>
        <time>2026-03-31T08:09:49.000Z</time>
        <extensions>
          <ns3:TrackPointExtension>
            <ns3:atemp>27.0</ns3:atemp>
            <ns3:hr>113</ns3:hr>
          </ns3:TrackPointExtension>
        </extensions>
      </trkpt>
      <trkpt lat="-38.15577414818108081817626953125" lon="145.38683437742292881011962890625">
        <ele>117.40000152587890625</ele>
        <time>2026-03-31T08:09:50.000Z</time>
        <extensions>
          <ns3:TrackPointExtension>
            <ns3:atemp>27.0</ns3:atemp>
            <ns3:hr>113</ns3:hr>
          </ns3:TrackPointExtension>
        </extensions>
      </trkpt>
      <trkpt lat="-38.15574229694902896881103515625" lon="145.386880226433277130126953125">
        <ele>115.8000030517578125</ele>
        <time>2026-03-31T08:09:51.000Z</time>
        <extensions>
          <ns3:TrackPointExtension>
            <ns3:atemp>27.0</ns3:atemp>
            <ns3:hr>113</ns3:hr>
          </ns3:TrackPointExtension>
        </extensions>
      </trkpt>
      <trkpt lat="-38.1557229347527027130126953125" lon="145.3869469463825225830078125">
        <ele>114.1999969482421875</ele>
        <time>2026-03-31T08:09:52.000Z</time>
        <extensions>
          <ns3:TrackPointExtension>
            <ns3:atemp>27.0</ns3:atemp>
            <ns3:hr>113</ns3:hr>
          </ns3:TrackPointExtension>
        </extensions>
      </trkpt>
      <trkpt lat="-38.1557603180408477783203125" lon="145.387036800384521484375">
        <ele>112.59999847412109375</ele>
        <time>2026-03-31T08:09:53.000Z</time>
        <extensions>
          <ns3:TrackPointExtension>
            <ns3:atemp>27.0</ns3:atemp>
            <ns3:hr>113</ns3:hr>
          </ns3:TrackPointExtension>
        </extensions>
      </trkpt>
      <trkpt lat="-38.15582812763750553131103515625" lon="145.3871105611324310302734375">
        <ele>110.8000030517578125</ele>
        <time>2026-03-31T08:09:54.000Z</time>
        <extensions>
          <ns3:TrackPointExtension>
            <ns3:atemp>27.0</ns3:atemp>
            <ns3:hr>113</ns3:hr>
          </ns3:TrackPointExtension>
        </extensions>
      </trkpt>
      <trkpt lat="-38.15595000050961971282958984375" lon="145.38715875707566738128662109375">
        <ele>108.8000030517578125</ele>
        <time>2026-03-31T08:09:55.000Z</time>
        <extensions>
          <ns3:TrackPointExtension>
            <ns3:atemp>27.0</ns3:atemp>
            <ns3:hr>114</ns3:hr>
          </ns3:TrackPointExtension>
        </extensions>
      </trkpt>
      <trkpt lat="-38.15608880482614040374755859375" lon="145.3871398977935314178466796875">
        <ele>106.8000030517578125</ele>
        <time>2026-03-31T08:09:56.000Z</time>
        <extensions>
          <ns3:TrackPointExtension>
            <ns3:atemp>27.0</ns3:atemp>
            <ns3:hr>114</ns3:hr>
          </ns3:TrackPointExtension>
        </extensions>
      </trkpt>
      <trkpt lat="-38.15620078705251216888427734375" lon="145.38706085644662380218505859375">
        <ele>104.59999847412109375</ele>
        <time>2026-03-31T08:09:57.000Z</time>
        <extensions>
          <ns3:TrackPointExtension>
            <ns3:atemp>27.0</ns3:atemp>
            <ns3:hr>114</ns3:hr>
          </ns3:TrackPointExtension>
        </extensions>
      </trkpt>
      <trkpt lat="-38.15628058277070522308349609375" lon="145.386927165091037750244140625">
        <ele>102.59999847412109375</ele>
        <time>2026-03-31T08:09:58.000Z</time>
        <extensions>
          <ns3:TrackPointExtension>
            <ns3:atemp>27.0</ns3:atemp>
            <ns3:hr>117</ns3:hr>
          </ns3:TrackPointExtension>
        </extensions>
      </trkpt>
      <trkpt lat="-38.15631620585918426513671875" lon="145.38679632358253002166748046875">
        <ele>100.59999847412109375</ele>
        <time>2026-03-31T08:09:59.000Z</time>
        <extensions>
          <ns3:TrackPointExtension>
            <ns3:atemp>27.0</ns3:atemp>
            <ns3:hr>118</ns3:hr>
          </ns3:TrackPointExtension>
        </extensions>
      </trkpt>
      <trkpt lat="-38.15632131882011890411376953125" lon="145.38665383122861385345458984375">
        <ele>98.59999847412109375</ele>
        <time>2026-03-31T08:10:00.000Z</time>
        <extensions>
          <ns3:TrackPointExtension>
            <ns3:atemp>27.0</ns3:atemp>
            <ns3:hr>119</ns3:hr>
          </ns3:TrackPointExtension>
        </extensions>
      </trkpt>
      <trkpt lat="-38.1562811695039272308349609375" lon="145.3865618817508220672607421875">
        <ele>96.8000030517578125</ele>
        <time>2026-03-31T08:10:01.000Z</time>
        <extensions>
          <ns3:TrackPointExtension>
            <ns3:atemp>27.0</ns3:atemp>
            <ns3:hr>123</ns3:hr>
          </ns3:TrackPointExtension>
        </extensions>
      </trkpt>
      <trkpt lat="-38.15622358582913875579833984375" lon="145.3865070641040802001953125">
        <ele>94.8000030517578125</ele>
        <time>2026-03-31T08:10:02.000Z</time>
        <extensions>
          <ns3:TrackPointExtension>
            <ns3:atemp>27.0</ns3:atemp>
            <ns3:hr>125</ns3:hr>
          </ns3:TrackPointExtension>
        </extensions>
      </trkpt>
      <trkpt lat="-38.1561711989343166351318359375" lon="145.386512093245983123779296875">
        <ele>93</ele>
        <time>2026-03-31T08:10:03.000Z</time>
        <extensions>
          <ns3:TrackPointExtension>
            <ns3:atemp>27.0</ns3:atemp>
            <ns3:hr>126</ns3:hr>
          </ns3:TrackPointExtension>
        </extensions>
      </trkpt>
      <trkpt lat="-38.15612451173365116119384765625" lon="145.38654704578220844268798828125">
        <ele>91.1999969482421875</ele>
        <time>2026-03-31T08:10:04.000Z</time>
        <extensions>
          <ns3:TrackPointExtension>
            <ns3:atemp>27.0</ns3:atemp>
            <ns3:hr>128</ns3:hr>
          </ns3:TrackPointExtension>
        </extensions>
      </trkpt>
      <trkpt lat="-38.156096935272216796875" lon="145.3866098262369632720947265625">
        <ele>89.40000152587890625</ele>
        <time>2026-03-31T08:10:05.000Z</time>
        <extensions>
          <ns3:TrackPointExtension>
            <ns3:atemp>27.0</ns3:atemp>
            <ns3:hr>128</ns3:hr>
          </ns3:TrackPointExtension>
        </extensions>
      </trkpt>
      <trkpt lat="-38.1560890562832355499267578125" lon="145.38667947985231876373291015625">
        <ele>87.8000030517578125</ele>
        <time>2026-03-31T08:10:06.000Z</time>
        <extensions>
          <ns3:TrackPointExtension>
            <ns3:atemp>27.0</ns3:atemp>
            <ns3:hr>129</ns3:hr>
          </ns3:TrackPointExtension>
        </extensions>
      </trkpt>
      <trkpt lat="-38.15609282813966274261474609375" lon="145.3867533244192600250244140625">
        <ele>86.40000152587890625</ele>
        <time>2026-03-31T08:10:07.000Z</time>
        <extensions>
          <ns3:TrackPointExtension>
            <ns3:atemp>27.0</ns3:atemp>
            <ns3:hr>128</ns3:hr>
          </ns3:TrackPointExtension>
        </extensions>
      </trkpt>
      <trkpt lat="-38.15610431134700775146484375" lon="145.38681610487401485443115234375">
        <ele>85.1999969482421875</ele>
        <time>2026-03-31T08:10:08.000Z</time>
        <extensions>
          <ns3:TrackPointExtension>
            <ns3:atemp>27.0</ns3:atemp>
            <ns3:hr>129</ns3:hr>
          </ns3:TrackPointExtension>
        </extensions>
      </trkpt>
      <trkpt lat="-38.1561108492314815521240234375" lon="145.386892966926097869873046875">
        <ele>83.59999847412109375</ele>
        <time>2026-03-31T08:10:09.000Z</time>
        <extensions>
          <ns3:TrackPointExtension>
            <ns3:atemp>27.0</ns3:atemp>
            <ns3:hr>129</ns3:hr>
          </ns3:TrackPointExtension>
        </extensions>
      </trkpt>
      <trkpt lat="-38.15611596219241619110107421875" lon="145.386968068778514862060546875">
        <ele>82.1999969482421875</ele>
        <time>2026-03-31T08:10:10.000Z</time>
        <extensions>
          <ns3:TrackPointExtension>
            <ns3:atemp>28.0</ns3:atemp>
            <ns3:hr>129</ns3:hr>
          </ns3:TrackPointExtension>
        </extensions>
      </trkpt>
      <trkpt lat="-38.156121075153350830078125" lon="145.38706169463694095611572265625">
        <ele>80.59999847412109375</ele>
        <time>2026-03-31T08:10:11.000Z</time>
        <extensions>
          <ns3:TrackPointExtension>
            <ns3:atemp>28.0</ns3:atemp>
            <ns3:hr>128</ns3:hr>
          </ns3:TrackPointExtension>
        </extensions>
      </trkpt>
      <trkpt lat="-38.1561269424855709075927734375" lon="145.38714610040187835693359375">
        <ele>79.1999969482421875</ele>
        <time>2026-03-31T08:10:12.000Z</time>
        <extensions>
          <ns3:TrackPointExtension>
            <ns3:atemp>28.0</ns3:atemp>
            <ns3:hr>128</ns3:hr>
          </ns3:TrackPointExtension>
        </extensions>
      </trkpt>
      <trkpt lat="-38.15613708458840847015380859375" lon="145.387204103171825408935546875">
        <ele>77.59999847412109375</ele>
        <time>2026-03-31T08:10:13.000Z</time>
        <extensions>
          <ns3:TrackPointExtension>
            <ns3:atemp>28.0</ns3:atemp>
            <ns3:hr>128</ns3:hr>
          </ns3:TrackPointExtension>
        </extensions>
      </trkpt>
      <trkpt lat="-38.1561507470905780792236328125" lon="145.38726679980754852294921875">
        <ele>76.40000152587890625</ele>
        <time>2026-03-31T08:10:14.000Z</time>
        <extensions>
          <ns3:TrackPointExtension>
            <ns3:atemp>28.0</ns3:atemp>
            <ns3:hr>128</ns3:hr>
          </ns3:TrackPointExtension>
        </extensions>
      </trkpt>
      <trkpt lat="-38.15615686587989330291748046875" lon="145.3873283229768276214599609375">
        <ele>75.1999969482421875</ele>
        <time>2026-03-31T08:10:15.000Z</time>
        <extensions>
          <ns3:TrackPointExtension>
            <ns3:atemp>28.0</ns3:atemp>
            <ns3:hr>128</ns3:hr>
          </ns3:TrackPointExtension>
        </extensions>
      </trkpt>
      <trkpt lat="-38.15616105683147907257080078125" lon="145.3873920254409313201904296875">
        <ele>73.8000030517578125</ele>
        <time>2026-03-31T08:10:16.000Z</time>
        <extensions>
          <ns3:TrackPointExtension>
            <ns3:atemp>28.0</ns3:atemp>
            <ns3:hr>128</ns3:hr>
          </ns3:TrackPointExtension>
        </extensions>
      </trkpt>
      <trkpt lat="-38.15616709180176258087158203125" lon="145.38747509010136127471923828125">
        <ele>72.1999969482421875</ele>
        <time>2026-03-31T08:10:17.000Z</time>
        <extensions>
          <ns3:TrackPointExtension>
            <ns3:atemp>28.0</ns3:atemp>
            <ns3:hr>128</ns3:hr>
          </ns3:TrackPointExtension>
        </extensions>
      </trkpt>
      <trkpt lat="-38.15617212094366550445556640625" lon="145.38757030852138996124267578125">
        <ele>70.59999847412109375</ele>
        <time>2026-03-31T08:10:18.000Z</time>
        <extensions>
          <ns3:TrackPointExtension>
            <ns3:atemp>28.0</ns3:atemp>
            <ns3:hr>127</ns3:hr>
          </ns3:TrackPointExtension>
        </extensions>
      </trkpt>
      <trkpt lat="-38.15616809763014316558837890625" lon="145.38765530101954936981201171875">
        <ele>69</ele>
        <time>2026-03-31T08:10:19.000Z</time>
        <extensions>
          <ns3:TrackPointExtension>
            <ns3:atemp>28.0</ns3:atemp>
            <ns3:hr>128</ns3:hr>
          </ns3:TrackPointExtension>
        </extensions>
      </trkpt>
      <trkpt lat="-38.15616407431662082672119140625" lon="145.38773350417613983154296875">
        <ele>67.40000152587890625</ele>
        <time>2026-03-31T08:10:20.000Z</time>
        <extensions>
          <ns3:TrackPointExtension>
            <ns3:atemp>28.0</ns3:atemp>
            <ns3:hr>127</ns3:hr>
          </ns3:TrackPointExtension>
        </extensions>
      </trkpt>
      <trkpt lat="-38.1561654992401599884033203125" lon="145.387805588543415069580078125">
        <ele>66.1999969482421875</ele>
        <time>2026-03-31T08:10:21.000Z</time>
        <extensions>
          <ns3:TrackPointExtension>
            <ns3:atemp>28.0</ns3:atemp>
            <ns3:hr>127</ns3:hr>
          </ns3:TrackPointExtension>
        </extensions>
      </trkpt>
      <trkpt lat="-38.15616373904049396514892578125" lon="145.38787323050200939178466796875">
        <ele>64.8000030517578125</ele>
        <time>2026-03-31T08:10:22.000Z</time>
        <extensions>
          <ns3:TrackPointExtension>
            <ns3:atemp>28.0</ns3:atemp>
            <ns3:hr>128</ns3:hr>
          </ns3:TrackPointExtension>
        </extensions>
      </trkpt>
      <trkpt lat="-38.1561658345162868499755859375" lon="145.38794539868831634521484375">
        <ele>63.799999237060546875</ele>
        <time>2026-03-31T08:10:23.000Z</time>
        <extensions>
          <ns3:TrackPointExtension>
            <ns3:atemp>28.0</ns3:atemp>
            <ns3:hr>128</ns3:hr>
          </ns3:TrackPointExtension>
        </extensions>
      </trkpt>
      <trkpt lat="-38.15616197884082794189453125" lon="145.38802142255008220672607421875">
        <ele>62.799999237060546875</ele>
        <time>2026-03-31T08:10:24.000Z</time>
        <extensions>
          <ns3:TrackPointExtension>
            <ns3:atemp>28.0</ns3:atemp>
            <ns3:hr>128</ns3:hr>
          </ns3:TrackPointExtension>
        </extensions>
      </trkpt>
      <trkpt lat="-38.15615954808890819549560546875" lon="145.388096272945404052734375">
        <ele>61.799999237060546875</ele>
        <time>2026-03-31T08:10:25.000Z</time>
        <extensions>
          <ns3:TrackPointExtension>
            <ns3:atemp>28.0</ns3:atemp>
            <ns3:hr>127</ns3:hr>
          </ns3:TrackPointExtension>
        </extensions>
      </trkpt>
      <trkpt lat="-38.15615133382380008697509765625" lon="145.38818051107227802276611328125">
        <ele>60.59999847412109375</ele>
        <time>2026-03-31T08:10:26.000Z</time>
        <extensions>
          <ns3:TrackPointExtension>
            <ns3:atemp>28.0</ns3:atemp>
            <ns3:hr>127</ns3:hr>
          </ns3:TrackPointExtension>
        </extensions>
      </trkpt>
      <trkpt lat="-38.15613540820777416229248046875" lon="145.3883287869393825531005859375">
        <ele>58.799999237060546875</ele>
        <time>2026-03-31T08:10:28.000Z</time>
        <extensions>
          <ns3:TrackPointExtension>
            <ns3:atemp>28.0</ns3:atemp>
            <ns3:hr>128</ns3:hr>
          </ns3:TrackPointExtension>
        </extensions>
      </trkpt>
      <trkpt lat="-38.156122751533985137939453125" lon="145.3883985243737697601318359375">
        <ele>57.799999237060546875</ele>
        <time>2026-03-31T08:10:29.000Z</time>
        <extensions>
          <ns3:TrackPointExtension>
            <ns3:atemp>28.0</ns3:atemp>
            <ns3:hr>128</ns3:hr>
          </ns3:TrackPointExtension>
        </extensions>
      </trkpt>
      <trkpt lat="-38.15609366632997989654541015625" lon="145.38853037171065807342529296875">
        <ele>55.59999847412109375</ele>
        <time>2026-03-31T08:10:31.000Z</time>
        <extensions>
          <ns3:TrackPointExtension>
            <ns3:atemp>28.0</ns3:atemp>
            <ns3:hr>128</ns3:hr>
          </ns3:TrackPointExtension>
        </extensions>
      </trkpt>
      <trkpt lat="-38.1560803391039371490478515625" lon="145.38859717547893524169921875">
        <ele>54.40000152587890625</ele>
        <time>2026-03-31T08:10:32.000Z</time>
        <extensions>
          <ns3:TrackPointExtension>
            <ns3:atemp>28.0</ns3:atemp>
            <ns3:hr>129</ns3:hr>
          </ns3:TrackPointExtension>
        </extensions>
      </trkpt>
      <trkpt lat="-38.15606047399342060089111328125" lon="145.38866230286657810211181640625">
        <ele>53.200000762939453125</ele>
        <time>2026-03-31T08:10:33.000Z</time>
        <extensions>
          <ns3:TrackPointExtension>
            <ns3:atemp>28.0</ns3:atemp>
            <ns3:hr>128</ns3:hr>
          </ns3:TrackPointExtension>
        </extensions>
      </trkpt>
      <trkpt lat="-38.15603884868323802947998046875" lon="145.3887358121573925018310546875">
        <ele>52.200000762939453125</ele>
        <time>2026-03-31T08:10:34.000Z</time>
        <extensions>
          <ns3:TrackPointExtension>
            <ns3:atemp>28.0</ns3:atemp>
            <ns3:hr>126</ns3:hr>
          </ns3:TrackPointExtension>
        </extensions>
      </trkpt>
      <trkpt lat="-38.15602040849626064300537109375" lon="145.3887985087931156158447265625">
        <ele>51</ele>
        <time>2026-03-31T08:10:35.000Z</time>
        <extensions>
          <ns3:TrackPointExtension>
            <ns3:atemp>28.0</ns3:atemp>
            <ns3:hr>124</ns3:hr>
          </ns3:TrackPointExtension>
        </extensions>
      </trkpt>
      <trkpt lat="-38.15598838962614536285400390625" lon="145.38893739692866802215576171875">
        <ele>49.59999847412109375</ele>
        <time>2026-03-31T08:10:37.000Z</time>
        <extensions>
          <ns3:TrackPointExtension>
            <ns3:atemp>28.0</ns3:atemp>
            <ns3:hr>123</ns3:hr>
          </ns3:TrackPointExtension>
        </extensions>
      </trkpt>
      <trkpt lat="-38.155945725739002227783203125" lon="145.38914711214601993560791015625">
        <ele>48.59999847412109375</ele>
        <time>2026-03-31T08:10:40.000Z</time>
        <extensions>
          <ns3:TrackPointExtension>
            <ns3:atemp>28.0</ns3:atemp>
            <ns3:hr>124</ns3:hr>
          </ns3:TrackPointExtension>
        </extensions>
      </trkpt>
      <trkpt lat="-38.1559515930712223052978515625" lon="145.38920662365853786468505859375">
        <ele>48.59999847412109375</ele>
        <time>2026-03-31T08:10:41.000Z</time>
        <extensions>
          <ns3:TrackPointExtension>
            <ns3:atemp>28.0</ns3:atemp>
            <ns3:hr>124</ns3:hr>
          </ns3:TrackPointExtension>
        </extensions>
      </trkpt>
      <trkpt lat="-38.1559653393924236297607421875" lon="145.3895213641226291656494140625">
        <ele>49</ele>
        <time>2026-03-31T08:10:45.000Z</time>
        <extensions>
          <ns3:TrackPointExtension>
            <ns3:atemp>28.0</ns3:atemp>
            <ns3:hr>123</ns3:hr>
          </ns3:TrackPointExtension>
        </extensions>
      </trkpt>
      <trkpt lat="-38.156035579741001129150390625" lon="145.3900232724845409393310546875">
        <ele>48.200000762939453125</ele>
        <time>2026-03-31T08:10:51.000Z</time>
        <extensions>
          <ns3:TrackPointExtension>
            <ns3:atemp>28.0</ns3:atemp>
            <ns3:hr>121</ns3:hr>
          </ns3:TrackPointExtension>
        </extensions>
      </trkpt>
      <trkpt lat="-38.156065084040164947509765625" lon="145.39018294773995876312255859375">
        <ele>48</ele>
        <time>2026-03-31T08:10:53.000Z</time>
        <extensions>
          <ns3:TrackPointExtension>
            <ns3:atemp>28.0</ns3:atemp>
            <ns3:hr>117</ns3:hr>
          </ns3:TrackPointExtension>
        </extensions>
      </trkpt>
      <trkpt lat="-38.15610003657639026641845703125" lon="145.3904980234801769256591796875">
        <ele>48</ele>
        <time>2026-03-31T08:10:57.000Z</time>
        <extensions>
          <ns3:TrackPointExtension>
            <ns3:atemp>28.0</ns3:atemp>
            <ns3:hr>113</ns3:hr>
          </ns3:TrackPointExtension>
        </extensions>
      </trkpt>
      <trkpt lat="-38.1561128608882427215576171875" lon="145.39058469235897064208984375">
        <ele>48.200000762939453125</ele>
        <time>2026-03-31T08:10:58.000Z</time>
        <extensions>
          <ns3:TrackPointExtension>
            <ns3:atemp>28.0</ns3:atemp>
            <ns3:hr>113</ns3:hr>
          </ns3:TrackPointExtension>
        </extensions>
      </trkpt>
      <trkpt lat="-38.1561695225536823272705078125" lon="145.3910666517913341522216796875">
        <ele>47.59999847412109375</ele>
        <time>2026-03-31T08:11:04.000Z</time>
        <extensions>
          <ns3:TrackPointExtension>
            <ns3:atemp>28.0</ns3:atemp>
            <ns3:hr>113</ns3:hr>
          </ns3:TrackPointExtension>
        </extensions>
      </trkpt>
      <trkpt lat="-38.15618167631328105926513671875" lon="145.39115323685109615325927734375">
        <ele>47.40000152587890625</ele>
        <time>2026-03-31T08:11:05.000Z</time>
        <extensions>
          <ns3:TrackPointExtension>
            <ns3:atemp>28.0</ns3:atemp>
            <ns3:hr>113</ns3:hr>
          </ns3:TrackPointExtension>
        </extensions>
      </trkpt>
      <trkpt lat="-38.15630220808088779449462890625" lon="145.391729660332202911376953125">
        <ele>47.799999237060546875</ele>
        <time>2026-03-31T08:11:12.000Z</time>
        <extensions>
          <ns3:TrackPointExtension>
            <ns3:atemp>28.0</ns3:atemp>
            <ns3:hr>113</ns3:hr>
          </ns3:TrackPointExtension>
        </extensions>
      </trkpt>
      <trkpt lat="-38.1563284434378147125244140625" lon="145.391812808811664581298828125">
        <ele>47.799999237060546875</ele>
        <time>2026-03-31T08:11:13.000Z</time>
        <extensions>
          <ns3:TrackPointExtension>
            <ns3:atemp>28.0</ns3:atemp>
            <ns3:hr>113</ns3:hr>
          </ns3:TrackPointExtension>
        </extensions>
      </trkpt>
      <trkpt lat="-38.1564576923847198486328125" lon="145.39242175407707691192626953125">
        <ele>48</ele>
        <time>2026-03-31T08:11:21.000Z</time>
        <extensions>
          <ns3:TrackPointExtension>
            <ns3:atemp>28.0</ns3:atemp>
            <ns3:hr>114</ns3:hr>
          </ns3:TrackPointExtension>
        </extensions>
      </trkpt>
      <trkpt lat="-38.1564699299633502960205078125" lon="145.39250222034752368927001953125">
        <ele>48.200000762939453125</ele>
        <time>2026-03-31T08:11:22.000Z</time>
        <extensions>
          <ns3:TrackPointExtension>
            <ns3:atemp>28.0</ns3:atemp>
            <ns3:hr>115</ns3:hr>
          </ns3:TrackPointExtension>
        </extensions>
      </trkpt>
      <trkpt lat="-38.15649323165416717529296875" lon="145.392671786248683929443359375">
        <ele>48.59999847412109375</ele>
        <time>2026-03-31T08:11:24.000Z</time>
        <extensions>
          <ns3:TrackPointExtension>
            <ns3:atemp>28.0</ns3:atemp>
            <ns3:hr>116</ns3:hr>
          </ns3:TrackPointExtension>
        </extensions>
      </trkpt>
      <trkpt lat="-38.15651871263980865478515625" lon="145.3928291983902454376220703125">
        <ele>49.200000762939453125</ele>
        <time>2026-03-31T08:11:26.000Z</time>
        <extensions>
          <ns3:TrackPointExtension>
            <ns3:atemp>28.0</ns3:atemp>
            <ns3:hr>121</ns3:hr>
          </ns3:TrackPointExtension>
        </extensions>
      </trkpt>
      <trkpt lat="-38.156537152826786041259765625" lon="145.3929160349071025848388671875">
        <ele>49.40000152587890625</ele>
        <time>2026-03-31T08:11:27.000Z</time>
        <extensions>
          <ns3:TrackPointExtension>
            <ns3:atemp>28.0</ns3:atemp>
            <ns3:hr>124</ns3:hr>
          </ns3:TrackPointExtension>
        </extensions>
      </trkpt>
      <trkpt lat="-38.1565799005329608917236328125" lon="145.393069088459014892578125">
        <ele>50.200000762939453125</ele>
        <time>2026-03-31T08:11:29.000Z</time>
        <extensions>
          <ns3:TrackPointExtension>
            <ns3:atemp>28.0</ns3:atemp>
            <ns3:hr>126</ns3:hr>
          </ns3:TrackPointExtension>
        </extensions>
      </trkpt>
      <trkpt lat="-38.15660932101309299468994140625" lon="145.39323278702795505523681640625">
        <ele>51.59999847412109375</ele>
        <time>2026-03-31T08:11:31.000Z</time>
        <extensions>
          <ns3:TrackPointExtension>
            <ns3:atemp>28.0</ns3:atemp>
            <ns3:hr>125</ns3:hr>
          </ns3:TrackPointExtension>
        </extensions>
      </trkpt>
      <trkpt lat="-38.15669314004480838775634765625" lon="145.39354593493044376373291015625">
        <ele>52.799999237060546875</ele>
        <time>2026-03-31T08:11:35.000Z</time>
        <extensions>
          <ns3:TrackPointExtension>
            <ns3:atemp>28.0</ns3:atemp>
            <ns3:hr>122</ns3:hr>
          </ns3:TrackPointExtension>
        </extensions>
      </trkpt>
      <trkpt lat="-38.15671694464981555938720703125" lon="145.3936256468296051025390625">
        <ele>54.59999847412109375</ele>
        <time>2026-03-31T08:11:36.000Z</time>
        <extensions>
          <ns3:TrackPointExtension>
            <ns3:atemp>28.0</ns3:atemp>
            <ns3:hr>122</ns3:hr>
          </ns3:TrackPointExtension>
        </extensions>
      </trkpt>
      <trkpt lat="-38.1567445211112499237060546875" lon="145.39370938204228878021240234375">
        <ele>57</ele>
        <time>2026-03-31T08:11:37.000Z</time>
        <extensions>
          <ns3:TrackPointExtension>
            <ns3:atemp>28.0</ns3:atemp>
            <ns3:hr>122</ns3:hr>
          </ns3:TrackPointExtension>
        </extensions>
      </trkpt>
      <trkpt lat="-38.1567768752574920654296875" lon="145.39377945475280284881591796875">
        <ele>58.799999237060546875</ele>
        <time>2026-03-31T08:11:38.000Z</time>
        <extensions>
          <ns3:TrackPointExtension>
            <ns3:atemp>28.0</ns3:atemp>
            <ns3:hr>122</ns3:hr>
          </ns3:TrackPointExtension>
        </extensions>
      </trkpt>
      <trkpt lat="-38.15680629573762416839599609375" lon="145.3938504494726657867431640625">
        <ele>60.59999847412109375</ele>
        <time>2026-03-31T08:11:39.000Z</time>
        <extensions>
          <ns3:TrackPointExtension>
            <ns3:atemp>28.0</ns3:atemp>
            <ns3:hr>123</ns3:hr>
          </ns3:TrackPointExtension>
        </extensions>
      </trkpt>
      <trkpt lat="-38.15683127380907535552978515625" lon="145.39392462931573390960693359375">
        <ele>62</ele>
        <time>2026-03-31T08:11:40.000Z</time>
        <extensions>
          <ns3:TrackPointExtension>
            <ns3:atemp>28.0</ns3:atemp>
            <ns3:hr>122</ns3:hr>
          </ns3:TrackPointExtension>
        </extensions>
      </trkpt>
      <trkpt lat="-38.15686044283211231231689453125" lon="145.39400543086230754852294921875">
        <ele>62.799999237060546875</ele>
        <time>2026-03-31T08:11:41.000Z</time>
        <extensions>
          <ns3:TrackPointExtension>
            <ns3:atemp>28.0</ns3:atemp>
            <ns3:hr>121</ns3:hr>
          </ns3:TrackPointExtension>
        </extensions>
      </trkpt>
      <trkpt lat="-38.15688625909388065338134765625" lon="145.3940827958285808563232421875">
        <ele>64.1999969482421875</ele>
        <time>2026-03-31T08:11:42.000Z</time>
        <extensions>
          <ns3:TrackPointExtension>
            <ns3:atemp>28.0</ns3:atemp>
            <ns3:hr>119</ns3:hr>
          </ns3:TrackPointExtension>
        </extensions>
      </trkpt>
      <trkpt lat="-38.15694090910255908966064453125" lon="145.394245572388172149658203125">
        <ele>67</ele>
        <time>2026-03-31T08:11:44.000Z</time>
        <extensions>
          <ns3:TrackPointExtension>
            <ns3:atemp>28.0</ns3:atemp>
            <ns3:hr>116</ns3:hr>
          </ns3:TrackPointExtension>
        </extensions>
      </trkpt>
      <trkpt lat="-38.156970329582691192626953125" lon="145.3943211771547794342041015625">
        <ele>69.1999969482421875</ele>
        <time>2026-03-31T08:11:45.000Z</time>
        <extensions>
          <ns3:TrackPointExtension>
            <ns3:atemp>28.0</ns3:atemp>
            <ns3:hr>115</ns3:hr>
          </ns3:TrackPointExtension>
        </extensions>
      </trkpt>
      <trkpt lat="-38.15698633901774883270263671875" lon="145.39438881911337375640869140625">
        <ele>71</ele>
        <time>2026-03-31T08:11:46.000Z</time>
        <extensions>
          <ns3:TrackPointExtension>
            <ns3:atemp>28.0</ns3:atemp>
            <ns3:hr>115</ns3:hr>
          </ns3:TrackPointExtension>
        </extensions>
      </trkpt>
      <trkpt lat="-38.15699212253093719482421875" lon="145.39446056820452213287353515625">
        <ele>73.1999969482421875</ele>
        <time>2026-03-31T08:11:47.000Z</time>
        <extensions>
          <ns3:TrackPointExtension>
            <ns3:atemp>28.0</ns3:atemp>
            <ns3:hr>115</ns3:hr>
          </ns3:TrackPointExtension>
        </extensions>
      </trkpt>
      <trkpt lat="-38.15699522383511066436767578125" lon="145.39454438723623752593994140625">
        <ele>74.59999847412109375</ele>
        <time>2026-03-31T08:11:48.000Z</time>
        <extensions>
          <ns3:TrackPointExtension>
            <ns3:atemp>28.0</ns3:atemp>
            <ns3:hr>115</ns3:hr>
          </ns3:TrackPointExtension>
        </extensions>
      </trkpt>
      <trkpt lat="-38.1570020131766796112060546875" lon="145.3946229256689548492431640625">
        <ele>76</ele>
        <time>2026-03-31T08:11:49.000Z</time>
        <extensions>
          <ns3:TrackPointExtension>
            <ns3:atemp>28.0</ns3:atemp>
            <ns3:hr>115</ns3:hr>
          </ns3:TrackPointExtension>
        </extensions>
      </trkpt>
      <trkpt lat="-38.15699656493961811065673828125" lon="145.39470045827329158782958984375">
        <ele>77.40000152587890625</ele>
        <time>2026-03-31T08:11:50.000Z</time>
        <extensions>
          <ns3:TrackPointExtension>
            <ns3:atemp>28.0</ns3:atemp>
            <ns3:hr>115</ns3:hr>
          </ns3:TrackPointExtension>
        </extensions>
      </trkpt>
      <trkpt lat="-38.15700075589120388031005859375" lon="145.39477220736443996429443359375">
        <ele>79.1999969482421875</ele>
        <time>2026-03-31T08:11:51.000Z</time>
        <extensions>
          <ns3:TrackPointExtension>
            <ns3:atemp>27.0</ns3:atemp>
            <ns3:hr>115</ns3:hr>
          </ns3:TrackPointExtension>
        </extensions>
      </trkpt>
      <trkpt lat="-38.15700092352926731109619140625" lon="145.39483775384724140167236328125">
        <ele>80.40000152587890625</ele>
        <time>2026-03-31T08:11:52.000Z</time>
        <extensions>
          <ns3:TrackPointExtension>
            <ns3:atemp>27.0</ns3:atemp>
            <ns3:hr>115</ns3:hr>
          </ns3:TrackPointExtension>
        </extensions>
      </trkpt>
      <trkpt lat="-38.15698818303644657135009765625" lon="145.394909083843231201171875">
        <ele>82.1999969482421875</ele>
        <time>2026-03-31T08:11:53.000Z</time>
        <extensions>
          <ns3:TrackPointExtension>
            <ns3:atemp>27.0</ns3:atemp>
            <ns3:hr>114</ns3:hr>
          </ns3:TrackPointExtension>
        </extensions>
      </trkpt>
      <trkpt lat="-38.15697493962943553924560546875" lon="145.394977144896984100341796875">
        <ele>83.59999847412109375</ele>
        <time>2026-03-31T08:11:54.000Z</time>
        <extensions>
          <ns3:TrackPointExtension>
            <ns3:atemp>28.0</ns3:atemp>
            <ns3:hr>115</ns3:hr>
          </ns3:TrackPointExtension>
        </extensions>
      </trkpt>
      <trkpt lat="-38.15696454606950283050537109375" lon="145.39503657259047031402587890625">
        <ele>86</ele>
        <time>2026-03-31T08:11:55.000Z</time>
        <extensions>
          <ns3:TrackPointExtension>
            <ns3:atemp>28.0</ns3:atemp>
            <ns3:hr>117</ns3:hr>
          </ns3:TrackPointExtension>
        </extensions>
      </trkpt>
      <trkpt lat="-38.15695147030055522918701171875" lon="145.395101197063922882080078125">
        <ele>87.59999847412109375</ele>
        <time>2026-03-31T08:11:56.000Z</time>
        <extensions>
          <ns3:TrackPointExtension>
            <ns3:atemp>28.0</ns3:atemp>
            <ns3:hr>117</ns3:hr>
          </ns3:TrackPointExtension>
        </extensions>
      </trkpt>
      <trkpt lat="-38.15693319775164127349853515625" lon="145.39516028948128223419189453125">
        <ele>89.1999969482421875</ele>
        <time>2026-03-31T08:11:57.000Z</time>
        <extensions>
          <ns3:TrackPointExtension>
            <ns3:atemp>27.0</ns3:atemp>
            <ns3:hr>116</ns3:hr>
          </ns3:TrackPointExtension>
        </extensions>
      </trkpt>
      <trkpt lat="-38.156914673745632171630859375" lon="145.395215190947055816650390625">
        <ele>91.1999969482421875</ele>
        <time>2026-03-31T08:11:58.000Z</time>
        <extensions>
          <ns3:TrackPointExtension>
            <ns3:atemp>27.0</ns3:atemp>
            <ns3:hr>116</ns3:hr>
          </ns3:TrackPointExtension>
        </extensions>
      </trkpt>
      <trkpt lat="-38.15689648501574993133544921875" lon="145.3952743671834468841552734375">
        <ele>92.8000030517578125</ele>
        <time>2026-03-31T08:11:59.000Z</time>
        <extensions>
          <ns3:TrackPointExtension>
            <ns3:atemp>27.0</ns3:atemp>
            <ns3:hr>116</ns3:hr>
          </ns3:TrackPointExtension>
        </extensions>
      </trkpt>
      <trkpt lat="-38.15687318332493305206298828125" lon="145.39533144794404506683349609375">
        <ele>95.1999969482421875</ele>
        <time>2026-03-31T08:12:00.000Z</time>
        <extensions>
          <ns3:TrackPointExtension>
            <ns3:atemp>27.0</ns3:atemp>
            <ns3:hr>115</ns3:hr>
          </ns3:TrackPointExtension>
        </extensions>
      </trkpt>
      <trkpt lat="-38.15684686414897441864013671875" lon="145.39539079181849956512451171875">
        <ele>96.8000030517578125</ele>
        <time>2026-03-31T08:12:01.000Z</time>
        <extensions>
          <ns3:TrackPointExtension>
            <ns3:atemp>27.0</ns3:atemp>
            <ns3:hr>115</ns3:hr>
          </ns3:TrackPointExtension>
        </extensions>
      </trkpt>
      <trkpt lat="-38.1568259932100772857666015625" lon="145.39544829167425632476806640625">
        <ele>98.40000152587890625</ele>
        <time>2026-03-31T08:12:02.000Z</time>
        <extensions>
          <ns3:TrackPointExtension>
            <ns3:atemp>27.0</ns3:atemp>
            <ns3:hr>115</ns3:hr>
          </ns3:TrackPointExtension>
        </extensions>
      </trkpt>
      <trkpt lat="-38.156805373728275299072265625" lon="145.39549774490296840667724609375">
        <ele>101.59999847412109375</ele>
        <time>2026-03-31T08:12:03.000Z</time>
        <extensions>
          <ns3:TrackPointExtension>
            <ns3:atemp>28.0</ns3:atemp>
            <ns3:hr>114</ns3:hr>
          </ns3:TrackPointExtension>
        </extensions>
      </trkpt>
      <trkpt lat="-38.15678182058036327362060546875" lon="145.3955541551113128662109375">
        <ele>104.59999847412109375</ele>
        <time>2026-03-31T08:12:04.000Z</time>
        <extensions>
          <ns3:TrackPointExtension>
            <ns3:atemp>27.0</ns3:atemp>
            <ns3:hr>114</ns3:hr>
          </ns3:TrackPointExtension>
        </extensions>
      </trkpt>
      <trkpt lat="-38.15675784833729267120361328125" lon="145.395606122910976409912109375">
        <ele>107.8000030517578125</ele>
        <time>2026-03-31T08:12:05.000Z</time>
        <extensions>
          <ns3:TrackPointExtension>
            <ns3:atemp>28.0</ns3:atemp>
            <ns3:hr>113</ns3:hr>
          </ns3:TrackPointExtension>
        </extensions>
      </trkpt>
      <trkpt lat="-38.15672616474330425262451171875" lon="145.3956515528261661529541015625">
        <ele>108.8000030517578125</ele>
        <time>2026-03-31T08:12:06.000Z</time>
        <extensions>
          <ns3:TrackPointExtension>
            <ns3:atemp>27.0</ns3:atemp>
            <ns3:hr>111</ns3:hr>
          </ns3:TrackPointExtension>
        </extensions>
      </trkpt>
      <trkpt lat="-38.15669481642544269561767578125" lon="145.39569891057908535003662109375">
        <ele>110.59999847412109375</ele>
        <time>2026-03-31T08:12:07.000Z</time>
        <extensions>
          <ns3:TrackPointExtension>
            <ns3:atemp>27.0</ns3:atemp>
            <ns3:hr>108</ns3:hr>
          </ns3:TrackPointExtension>
        </extensions>
      </trkpt>
      <trkpt lat="-38.1566838361322879791259765625" lon="145.39574752561748027801513671875">
        <ele>111.59999847412109375</ele>
        <time>2026-03-31T08:12:08.000Z</time>
        <extensions>
          <ns3:TrackPointExtension>
            <ns3:atemp>27.0</ns3:atemp>
            <ns3:hr>105</ns3:hr>
          </ns3:TrackPointExtension>
        </extensions>
      </trkpt>
      <trkpt lat="-38.15665994770824909210205078125" lon="145.395795889198780059814453125">
        <ele>113.40000152587890625</ele>
        <time>2026-03-31T08:12:09.000Z</time>
        <extensions>
          <ns3:TrackPointExtension>
            <ns3:atemp>27.0</ns3:atemp>
            <ns3:hr>103</ns3:hr>
          </ns3:TrackPointExtension>
        </extensions>
      </trkpt>
      <trkpt lat="-38.15663329325616359710693359375" lon="145.39584090001881122589111328125">
        <ele>115.40000152587890625</ele>
        <time>2026-03-31T08:12:10.000Z</time>
        <extensions>
          <ns3:TrackPointExtension>
            <ns3:atemp>27.0</ns3:atemp>
            <ns3:hr>103</ns3:hr>
          </ns3:TrackPointExtension>
        </extensions>
      </trkpt>
      <trkpt lat="-38.1566053815186023712158203125" lon="145.3958859108388423919677734375">
        <ele>117.40000152587890625</ele>
        <time>2026-03-31T08:12:11.000Z</time>
        <extensions>
          <ns3:TrackPointExtension>
            <ns3:atemp>27.0</ns3:atemp>
            <ns3:hr>103</ns3:hr>
          </ns3:TrackPointExtension>
        </extensions>
      </trkpt>
      <trkpt lat="-38.156574033200740814208984375" lon="145.395926646888256072998046875">
        <ele>119.40000152587890625</ele>
        <time>2026-03-31T08:12:12.000Z</time>
        <extensions>
          <ns3:TrackPointExtension>
            <ns3:atemp>27.0</ns3:atemp>
            <ns3:hr>102</ns3:hr>
          </ns3:TrackPointExtension>
        </extensions>
      </trkpt>
      <trkpt lat="-38.1565408408641815185546875" lon="145.39597014896571636199951171875">
        <ele>120.59999847412109375</ele>
        <time>2026-03-31T08:12:13.000Z</time>
        <extensions>
          <ns3:TrackPointExtension>
            <ns3:atemp>27.0</ns3:atemp>
            <ns3:hr>102</ns3:hr>
          </ns3:TrackPointExtension>
        </extensions>
      </trkpt>
      <trkpt lat="-38.15650689415633678436279296875" lon="145.39600870572030544281005859375">
        <ele>122.8000030517578125</ele>
        <time>2026-03-31T08:12:14.000Z</time>
        <extensions>
          <ns3:TrackPointExtension>
            <ns3:atemp>27.0</ns3:atemp>
            <ns3:hr>101</ns3:hr>
          </ns3:TrackPointExtension>
        </extensions>
      </trkpt>
      <trkpt lat="-38.15647571347653865814208984375" lon="145.3960478492081165313720703125">
        <ele>125.1999969482421875</ele>
        <time>2026-03-31T08:12:15.000Z</time>
        <extensions>
          <ns3:TrackPointExtension>
            <ns3:atemp>27.0</ns3:atemp>
            <ns3:hr>99</ns3:hr>
          </ns3:TrackPointExtension>
        </extensions>
      </trkpt>
      <trkpt lat="-38.15644495189189910888671875" lon="145.3960860706865787506103515625">
        <ele>127.1999969482421875</ele>
        <time>2026-03-31T08:12:16.000Z</time>
        <extensions>
          <ns3:TrackPointExtension>
            <ns3:atemp>27.0</ns3:atemp>
            <ns3:hr>97</ns3:hr>
          </ns3:TrackPointExtension>
        </extensions>
      </trkpt>
      <trkpt lat="-38.15641150809824466705322265625" lon="145.39613376371562480926513671875">
        <ele>130.399993896484375</ele>
        <time>2026-03-31T08:12:17.000Z</time>
        <extensions>
          <ns3:TrackPointExtension>
            <ns3:atemp>27.0</ns3:atemp>
            <ns3:hr>97</ns3:hr>
          </ns3:TrackPointExtension>
        </extensions>
      </trkpt>
      <trkpt lat="-38.15638083033263683319091796875" lon="145.39616494439542293548583984375">
        <ele>132.399993896484375</ele>
        <time>2026-03-31T08:12:18.000Z</time>
        <extensions>
          <ns3:TrackPointExtension>
            <ns3:atemp>27.0</ns3:atemp>
            <ns3:hr>96</ns3:hr>
          </ns3:TrackPointExtension>
        </extensions>
      </trkpt>
      <trkpt lat="-38.15634730271995067596435546875" lon="145.39620484225451946258544921875">
        <ele>135.1999969482421875</ele>
        <time>2026-03-31T08:12:19.000Z</time>
        <extensions>
          <ns3:TrackPointExtension>
            <ns3:atemp>27.0</ns3:atemp>
            <ns3:hr>95</ns3:hr>
          </ns3:TrackPointExtension>
        </extensions>
      </trkpt>
      <trkpt lat="-38.15631888806819915771484375" lon="145.3962421417236328125">
        <ele>137.399993896484375</ele>
        <time>2026-03-31T08:12:20.000Z</time>
        <extensions>
          <ns3:TrackPointExtension>
            <ns3:atemp>27.0</ns3:atemp>
            <ns3:hr>94</ns3:hr>
          </ns3:TrackPointExtension>
        </extensions>
      </trkpt>
      <trkpt lat="-38.15628024749457836151123046875" lon="145.39628296159207820892333984375">
        <ele>138.8000030517578125</ele>
        <time>2026-03-31T08:12:21.000Z</time>
        <extensions>
          <ns3:TrackPointExtension>
            <ns3:atemp>27.0</ns3:atemp>
            <ns3:hr>93</ns3:hr>
          </ns3:TrackPointExtension>
        </extensions>
      </trkpt>
      <trkpt lat="-38.1562493182718753814697265625" lon="145.3963210992515087127685546875">
        <ele>140.8000030517578125</ele>
        <time>2026-03-31T08:12:22.000Z</time>
        <extensions>
          <ns3:TrackPointExtension>
            <ns3:atemp>27.0</ns3:atemp>
            <ns3:hr>93</ns3:hr>
          </ns3:TrackPointExtension>
        </extensions>
      </trkpt>
      <trkpt lat="-38.15621654503047466278076171875" lon="145.3963569737970829010009765625">
        <ele>142.1999969482421875</ele>
        <time>2026-03-31T08:12:23.000Z</time>
        <extensions>
          <ns3:TrackPointExtension>
            <ns3:atemp>27.0</ns3:atemp>
            <ns3:hr>93</ns3:hr>
          </ns3:TrackPointExtension>
        </extensions>
      </trkpt>
      <trkpt lat="-38.1561789102852344512939453125" lon="145.39639477618038654327392578125">
        <ele>144.600006103515625</ele>
        <time>2026-03-31T08:12:24.000Z</time>
        <extensions>
          <ns3:TrackPointExtension>
            <ns3:atemp>27.0</ns3:atemp>
            <ns3:hr>93</ns3:hr>
          </ns3:TrackPointExtension>
        </extensions>
      </trkpt>
      <trkpt lat="-38.15614588558673858642578125" lon="145.39642897434532642364501953125">
        <ele>146.1999969482421875</ele>
        <time>2026-03-31T08:12:25.000Z</time>
        <extensions>
          <ns3:TrackPointExtension>
            <ns3:atemp>27.0</ns3:atemp>
            <ns3:hr>93</ns3:hr>
          </ns3:TrackPointExtension>
        </extensions>
      </trkpt>
      <trkpt lat="-38.1561125256121158599853515625" lon="145.39647021330893039703369140625">
        <ele>149</ele>
        <time>2026-03-31T08:12:26.000Z</time>
        <extensions>
          <ns3:TrackPointExtension>
            <ns3:atemp>27.0</ns3:atemp>
            <ns3:hr>92</ns3:hr>
          </ns3:TrackPointExtension>
        </extensions>
      </trkpt>
      <trkpt lat="-38.15608997829258441925048828125" lon="145.39650499820709228515625">
        <ele>152.1999969482421875</ele>
        <time>2026-03-31T08:12:27.000Z</time>
        <extensions>
          <ns3:TrackPointExtension>
            <ns3:atemp>27.0</ns3:atemp>
            <ns3:hr>96</ns3:hr>
          </ns3:TrackPointExtension>
        </extensions>
      </trkpt>
      <trkpt lat="-38.15605209209024906158447265625" lon="145.3965383581817150115966796875">
        <ele>155</ele>
        <time>2026-03-31T08:12:28.000Z</time>
        <extensions>
          <ns3:TrackPointExtension>
            <ns3:atemp>27.0</ns3:atemp>
            <ns3:hr>97</ns3:hr>
          </ns3:TrackPointExtension>
        </extensions>
      </trkpt>
      <trkpt lat="-38.1560156308114528656005859375" lon="145.39657540619373321533203125">
        <ele>157.399993896484375</ele>
        <time>2026-03-31T08:12:29.000Z</time>
        <extensions>
          <ns3:TrackPointExtension>
            <ns3:atemp>27.0</ns3:atemp>
            <ns3:hr>98</ns3:hr>
          </ns3:TrackPointExtension>
        </extensions>
      </trkpt>
      <trkpt lat="-38.1559775769710540771484375" lon="145.396609939634799957275390625">
        <ele>159.399993896484375</ele>
        <time>2026-03-31T08:12:30.000Z</time>
        <extensions>
          <ns3:TrackPointExtension>
            <ns3:atemp>27.0</ns3:atemp>
            <ns3:hr>100</ns3:hr>
          </ns3:TrackPointExtension>
        </extensions>
      </trkpt>
      <trkpt lat="-38.155944049358367919921875" lon="145.39663785137236118316650390625">
        <ele>160.8000030517578125</ele>
        <time>2026-03-31T08:12:31.000Z</time>
        <extensions>
          <ns3:TrackPointExtension>
            <ns3:atemp>27.0</ns3:atemp>
            <ns3:hr>101</ns3:hr>
          </ns3:TrackPointExtension>
        </extensions>
      </trkpt>
      <trkpt lat="-38.15591027028858661651611328125" lon="145.39666484110057353973388671875">
        <ele>162.399993896484375</ele>
        <time>2026-03-31T08:12:32.000Z</time>
        <extensions>
          <ns3:TrackPointExtension>
            <ns3:atemp>27.0</ns3:atemp>
            <ns3:hr>101</ns3:hr>
          </ns3:TrackPointExtension>
        </extensions>
      </trkpt>
      <trkpt lat="-38.15587221644818782806396484375" lon="145.396702475845813751220703125">
        <ele>164.600006103515625</ele>
        <time>2026-03-31T08:12:33.000Z</time>
        <extensions>
          <ns3:TrackPointExtension>
            <ns3:atemp>27.0</ns3:atemp>
            <ns3:hr>100</ns3:hr>
          </ns3:TrackPointExtension>
        </extensions>
      </trkpt>
      <trkpt lat="-38.15584505908191204071044921875" lon="145.39673994295299053192138671875">
        <ele>166.600006103515625</ele>
        <time>2026-03-31T08:12:34.000Z</time>
        <extensions>
          <ns3:TrackPointExtension>
            <ns3:atemp>27.0</ns3:atemp>
            <ns3:hr>100</ns3:hr>
          </ns3:TrackPointExtension>
        </extensions>
      </trkpt>
      <trkpt lat="-38.1558032333850860595703125" lon="145.3967686928808689117431640625">
        <ele>168.1999969482421875</ele>
        <time>2026-03-31T08:12:35.000Z</time>
        <extensions>
          <ns3:TrackPointExtension>
            <ns3:atemp>27.0</ns3:atemp>
            <ns3:hr>100</ns3:hr>
          </ns3:TrackPointExtension>
        </extensions>
      </trkpt>
      <trkpt lat="-38.15576945431530475616455078125" lon="145.39680180139839649200439453125">
        <ele>169.1999969482421875</ele>
        <time>2026-03-31T08:12:36.000Z</time>
        <extensions>
          <ns3:TrackPointExtension>
            <ns3:atemp>27.0</ns3:atemp>
            <ns3:hr>101</ns3:hr>
          </ns3:TrackPointExtension>
        </extensions>
      </trkpt>
      <trkpt lat="-38.15572922118008136749267578125" lon="145.39681923575699329376220703125">
        <ele>171.8000030517578125</ele>
        <time>2026-03-31T08:12:37.000Z</time>
        <extensions>
          <ns3:TrackPointExtension>
            <ns3:atemp>27.0</ns3:atemp>
            <ns3:hr>100</ns3:hr>
          </ns3:TrackPointExtension>
        </extensions>
      </trkpt>
      <trkpt lat="-38.1556428037583827972412109375" lon="145.39686416275799274444580078125">
        <ele>172.8000030517578125</ele>
        <time>2026-03-31T08:12:39.000Z</time>
        <extensions>
          <ns3:TrackPointExtension>
            <ns3:atemp>27.0</ns3:atemp>
            <ns3:hr>100</ns3:hr>
          </ns3:TrackPointExtension>
        </extensions>
      </trkpt>
      <trkpt lat="-38.155561499297618865966796875" lon="145.39692543447017669677734375">
        <ele>173.8000030517578125</ele>
        <time>2026-03-31T08:12:41.000Z</time>
        <extensions>
          <ns3:TrackPointExtension>
            <ns3:atemp>27.0</ns3:atemp>
            <ns3:hr>100</ns3:hr>
          </ns3:TrackPointExtension>
        </extensions>
      </trkpt>
      <trkpt lat="-38.15547793172299861907958984375" lon="145.39698804728686809539794921875">
        <ele>176.8000030517578125</ele>
        <time>2026-03-31T08:12:43.000Z</time>
        <extensions>
          <ns3:TrackPointExtension>
            <ns3:atemp>27.0</ns3:atemp>
            <ns3:hr>101</ns3:hr>
          </ns3:TrackPointExtension>
        </extensions>
      </trkpt>
      <trkpt lat="-38.1554411351680755615234375" lon="145.39702006615698337554931640625">
        <ele>179.8000030517578125</ele>
        <time>2026-03-31T08:12:44.000Z</time>
        <extensions>
          <ns3:TrackPointExtension>
            <ns3:atemp>27.0</ns3:atemp>
            <ns3:hr>100</ns3:hr>
          </ns3:TrackPointExtension>
        </extensions>
      </trkpt>
      <trkpt lat="-38.1554014049470424652099609375" lon="145.39705208502709865570068359375">
        <ele>181.1999969482421875</ele>
        <time>2026-03-31T08:12:45.000Z</time>
        <extensions>
          <ns3:TrackPointExtension>
            <ns3:atemp>27.0</ns3:atemp>
            <ns3:hr>101</ns3:hr>
          </ns3:TrackPointExtension>
        </extensions>
      </trkpt>
      <trkpt lat="-38.155361674726009368896484375" lon="145.39707907475531101226806640625">
        <ele>183</ele>
        <time>2026-03-31T08:12:46.000Z</time>
        <extensions>
          <ns3:TrackPointExtension>
            <ns3:atemp>27.0</ns3:atemp>
            <ns3:hr>100</ns3:hr>
          </ns3:TrackPointExtension>
        </extensions>
      </trkpt>
      <trkpt lat="-38.1552750058472156524658203125" lon="145.39713540114462375640869140625">
        <ele>185.1999969482421875</ele>
        <time>2026-03-31T08:12:48.000Z</time>
        <extensions>
          <ns3:TrackPointExtension>
            <ns3:atemp>27.0</ns3:atemp>
            <ns3:hr>94</ns3:hr>
          </ns3:TrackPointExtension>
        </extensions>
      </trkpt>
      <trkpt lat="-38.1552297435700893402099609375" lon="145.3971572779119014739990234375">
        <ele>186.600006103515625</ele>
        <time>2026-03-31T08:12:49.000Z</time>
        <extensions>
          <ns3:TrackPointExtension>
            <ns3:atemp>27.0</ns3:atemp>
            <ns3:hr>93</ns3:hr>
          </ns3:TrackPointExtension>
        </extensions>
      </trkpt>
      <trkpt lat="-38.15518355928361415863037109375" lon="145.39717664010822772979736328125">
        <ele>188</ele>
        <time>2026-03-31T08:12:50.000Z</time>
        <extensions>
          <ns3:TrackPointExtension>
            <ns3:atemp>27.0</ns3:atemp>
            <ns3:hr>93</ns3:hr>
          </ns3:TrackPointExtension>
        </extensions>
      </trkpt>
      <trkpt lat="-38.15513477660715579986572265625" lon="145.3972011990845203399658203125">
        <ele>189.1999969482421875</ele>
        <time>2026-03-31T08:12:51.000Z</time>
        <extensions>
          <ns3:TrackPointExtension>
            <ns3:atemp>27.0</ns3:atemp>
            <ns3:hr>94</ns3:hr>
          </ns3:TrackPointExtension>
        </extensions>
      </trkpt>
      <trkpt lat="-38.15505783073604106903076171875" lon="145.3972528316080570220947265625">
        <ele>190.399993896484375</ele>
        <time>2026-03-31T08:12:53.000Z</time>
        <extensions>
          <ns3:TrackPointExtension>
            <ns3:atemp>27.0</ns3:atemp>
            <ns3:hr>91</ns3:hr>
          </ns3:TrackPointExtension>
        </extensions>
      </trkpt>
      <trkpt lat="-38.15501927398145198822021484375" lon="145.39727470837533473968505859375">
        <ele>190.8000030517578125</ele>
        <time>2026-03-31T08:12:54.000Z</time>
        <extensions>
          <ns3:TrackPointExtension>
            <ns3:atemp>27.0</ns3:atemp>
            <ns3:hr>91</ns3:hr>
          </ns3:TrackPointExtension>
        </extensions>
      </trkpt>
      <trkpt lat="-38.15486672334372997283935546875" lon="145.3973002731800079345703125">
        <ele>191.8000030517578125</ele>
        <time>2026-03-31T08:12:57.000Z</time>
        <extensions>
          <ns3:TrackPointExtension>
            <ns3:atemp>27.0</ns3:atemp>
            <ns3:hr>86</ns3:hr>
          </ns3:TrackPointExtension>
        </extensions>
      </trkpt>
      <trkpt lat="-38.1547700800001621246337890625" lon="145.397341512143611907958984375">
        <ele>192.600006103515625</ele>
        <time>2026-03-31T08:12:59.000Z</time>
        <extensions>
          <ns3:TrackPointExtension>
            <ns3:atemp>27.0</ns3:atemp>
            <ns3:hr>82</ns3:hr>
          </ns3:TrackPointExtension>
        </extensions>
      </trkpt>
      <trkpt lat="-38.15472858957946300506591796875" lon="145.39734746329486370086669921875">
        <ele>192.8000030517578125</ele>
        <time>2026-03-31T08:13:00.000Z</time>
        <extensions>
          <ns3:TrackPointExtension>
            <ns3:atemp>27.0</ns3:atemp>
            <ns3:hr>81</ns3:hr>
          </ns3:TrackPointExtension>
        </extensions>
      </trkpt>
      <trkpt lat="-38.15463253296911716461181640625" lon="145.39734612219035625457763671875">
        <ele>192.8000030517578125</ele>
        <time>2026-03-31T08:13:02.000Z</time>
        <extensions>
          <ns3:TrackPointExtension>
            <ns3:atemp>27.0</ns3:atemp>
            <ns3:hr>80</ns3:hr>
          </ns3:TrackPointExtension>
        </extensions>
      </trkpt>
      <trkpt lat="-38.1545769609510898590087890625" lon="145.39735266007483005523681640625">
        <ele>193.399993896484375</ele>
        <time>2026-03-31T08:13:03.000Z</time>
        <extensions>
          <ns3:TrackPointExtension>
            <ns3:atemp>27.0</ns3:atemp>
            <ns3:hr>80</ns3:hr>
          </ns3:TrackPointExtension>
        </extensions>
      </trkpt>
      <trkpt lat="-38.15453052520751953125" lon="145.39736799895763397216796875">
        <ele>193.8000030517578125</ele>
        <time>2026-03-31T08:13:04.000Z</time>
        <extensions>
          <ns3:TrackPointExtension>
            <ns3:atemp>27.0</ns3:atemp>
            <ns3:hr>80</ns3:hr>
          </ns3:TrackPointExtension>
        </extensions>
      </trkpt>
      <trkpt lat="-38.154482580721378326416015625" lon="145.39737378247082233428955078125">
        <ele>194.399993896484375</ele>
        <time>2026-03-31T08:13:05.000Z</time>
        <extensions>
          <ns3:TrackPointExtension>
            <ns3:atemp>27.0</ns3:atemp>
            <ns3:hr>81</ns3:hr>
          </ns3:TrackPointExtension>
        </extensions>
      </trkpt>
      <trkpt lat="-38.15443589352071285247802734375" lon="145.39736665785312652587890625">
        <ele>195.600006103515625</ele>
        <time>2026-03-31T08:13:06.000Z</time>
        <extensions>
          <ns3:TrackPointExtension>
            <ns3:atemp>27.0</ns3:atemp>
            <ns3:hr>86</ns3:hr>
          </ns3:TrackPointExtension>
        </extensions>
      </trkpt>
      <trkpt lat="-38.154380321502685546875" lon="145.3973634727299213409423828125">
        <ele>196.1999969482421875</ele>
        <time>2026-03-31T08:13:07.000Z</time>
        <extensions>
          <ns3:TrackPointExtension>
            <ns3:atemp>27.0</ns3:atemp>
            <ns3:hr>90</ns3:hr>
          </ns3:TrackPointExtension>
        </extensions>
      </trkpt>
      <trkpt lat="-38.15427043475210666656494140625" lon="145.39735651575028896331787109375">
        <ele>196.600006103515625</ele>
        <time>2026-03-31T08:13:09.000Z</time>
        <extensions>
          <ns3:TrackPointExtension>
            <ns3:atemp>27.0</ns3:atemp>
            <ns3:hr>91</ns3:hr>
          </ns3:TrackPointExtension>
        </extensions>
      </trkpt>
      <trkpt lat="-38.15416683442890644073486328125" lon="145.397354252636432647705078125">
        <ele>196.8000030517578125</ele>
        <time>2026-03-31T08:13:11.000Z</time>
        <extensions>
          <ns3:TrackPointExtension>
            <ns3:atemp>27.0</ns3:atemp>
            <ns3:hr>87</ns3:hr>
          </ns3:TrackPointExtension>
        </extensions>
      </trkpt>
      <trkpt lat="-38.1540546007454395294189453125" lon="145.39731033146381378173828125">
        <ele>197.600006103515625</ele>
        <time>2026-03-31T08:13:13.000Z</time>
        <extensions>
          <ns3:TrackPointExtension>
            <ns3:atemp>27.0</ns3:atemp>
            <ns3:hr>83</ns3:hr>
          </ns3:TrackPointExtension>
        </extensions>
      </trkpt>
      <trkpt lat="-38.15400187857449054718017578125" lon="145.39729331620037555694580078125">
        <ele>198.1999969482421875</ele>
        <time>2026-03-31T08:13:14.000Z</time>
        <extensions>
          <ns3:TrackPointExtension>
            <ns3:atemp>27.0</ns3:atemp>
            <ns3:hr>78</ns3:hr>
          </ns3:TrackPointExtension>
        </extensions>
      </trkpt>
      <trkpt lat="-38.1539496593177318572998046875" lon="145.39728946052491664886474609375">
        <ele>198.8000030517578125</ele>
        <time>2026-03-31T08:13:15.000Z</time>
        <extensions>
          <ns3:TrackPointExtension>
            <ns3:atemp>27.0</ns3:atemp>
            <ns3:hr>77</ns3:hr>
          </ns3:TrackPointExtension>
        </extensions>
      </trkpt>
      <trkpt lat="-38.15384077839553356170654296875" lon="145.39727873168885707855224609375">
        <ele>200.1999969482421875</ele>
        <time>2026-03-31T08:13:17.000Z</time>
        <extensions>
          <ns3:TrackPointExtension>
            <ns3:atemp>27.0</ns3:atemp>
            <ns3:hr>78</ns3:hr>
          </ns3:TrackPointExtension>
        </extensions>
      </trkpt>
      <trkpt lat="-38.15373416058719158172607421875" lon="145.397244952619075775146484375">
        <ele>201.1999969482421875</ele>
        <time>2026-03-31T08:13:19.000Z</time>
        <extensions>
          <ns3:TrackPointExtension>
            <ns3:atemp>27.0</ns3:atemp>
            <ns3:hr>89</ns3:hr>
          </ns3:TrackPointExtension>
        </extensions>
      </trkpt>
      <trkpt lat="-38.15368420444428920745849609375" lon="145.39724302478134632110595703125">
        <ele>200.8000030517578125</ele>
        <time>2026-03-31T08:13:20.000Z</time>
        <extensions>
          <ns3:TrackPointExtension>
            <ns3:atemp>27.0</ns3:atemp>
            <ns3:hr>89</ns3:hr>
          </ns3:TrackPointExtension>
        </extensions>
      </trkpt>
      <trkpt lat="-38.1536492519080638885498046875" lon="145.3972575254738330841064453125">
        <ele>200.8000030517578125</ele>
        <time>2026-03-31T08:13:21.000Z</time>
        <extensions>
          <ns3:TrackPointExtension>
            <ns3:atemp>27.0</ns3:atemp>
            <ns3:hr>86</ns3:hr>
          </ns3:TrackPointExtension>
        </extensions>
      </trkpt>
      <trkpt lat="-38.153545819222927093505859375" lon="145.39726632647216320037841796875">
        <ele>199</ele>
        <time>2026-03-31T08:13:23.000Z</time>
        <extensions>
          <ns3:TrackPointExtension>
            <ns3:atemp>27.0</ns3:atemp>
            <ns3:hr>82</ns3:hr>
          </ns3:TrackPointExtension>
        </extensions>
      </trkpt>
      <trkpt lat="-38.15350030548870563507080078125" lon="145.3972649015486240386962890625">
        <ele>198.1999969482421875</ele>
        <time>2026-03-31T08:13:24.000Z</time>
        <extensions>
          <ns3:TrackPointExtension>
            <ns3:atemp>27.0</ns3:atemp>
            <ns3:hr>81</ns3:hr>
          </ns3:TrackPointExtension>
        </extensions>
      </trkpt>
      <trkpt lat="-38.15345655195415019989013671875" lon="145.397273115813732147216796875">
        <ele>197.600006103515625</ele>
        <time>2026-03-31T08:13:25.000Z</time>
        <extensions>
          <ns3:TrackPointExtension>
            <ns3:atemp>27.0</ns3:atemp>
            <ns3:hr>79</ns3:hr>
          </ns3:TrackPointExtension>
        </extensions>
      </trkpt>
      <trkpt lat="-38.15341539680957794189453125" lon="145.397285856306552886962890625">
        <ele>197</ele>
        <time>2026-03-31T08:13:26.000Z</time>
        <extensions>
          <ns3:TrackPointExtension>
            <ns3:atemp>27.0</ns3:atemp>
            <ns3:hr>77</ns3:hr>
          </ns3:TrackPointExtension>
        </extensions>
      </trkpt>
      <trkpt lat="-38.15323091112077236175537109375" lon="145.39734117686748504638671875">
        <ele>197.1999969482421875</ele>
        <time>2026-03-31T08:13:30.000Z</time>
        <extensions>
          <ns3:TrackPointExtension>
            <ns3:atemp>27.0</ns3:atemp>
            <ns3:hr>77</ns3:hr>
          </ns3:TrackPointExtension>
        </extensions>
      </trkpt>
      <trkpt lat="-38.153195790946483612060546875" lon="145.39736104197800159454345703125">
        <ele>197.1999969482421875</ele>
        <time>2026-03-31T08:13:31.000Z</time>
        <extensions>
          <ns3:TrackPointExtension>
            <ns3:atemp>27.0</ns3:atemp>
            <ns3:hr>76</ns3:hr>
          </ns3:TrackPointExtension>
        </extensions>
      </trkpt>
      <trkpt lat="-38.15302521921694278717041015625" lon="145.39746212773025035858154296875">
        <ele>196.1999969482421875</ele>
        <time>2026-03-31T08:13:35.000Z</time>
        <extensions>
          <ns3:TrackPointExtension>
            <ns3:atemp>27.0</ns3:atemp>
            <ns3:hr>78</ns3:hr>
          </ns3:TrackPointExtension>
        </extensions>
      </trkpt>
      <trkpt lat="-38.152950368821620941162109375" lon="145.39752918295562267303466796875">
        <ele>195.8000030517578125</ele>
        <time>2026-03-31T08:13:37.000Z</time>
        <extensions>
          <ns3:TrackPointExtension>
            <ns3:atemp>27.0</ns3:atemp>
            <ns3:hr>81</ns3:hr>
          </ns3:TrackPointExtension>
        </extensions>
      </trkpt>
      <trkpt lat="-38.1528754346072673797607421875" lon="145.397581569850444793701171875">
        <ele>195.399993896484375</ele>
        <time>2026-03-31T08:13:39.000Z</time>
        <extensions>
          <ns3:TrackPointExtension>
            <ns3:atemp>27.0</ns3:atemp>
            <ns3:hr>85</ns3:hr>
          </ns3:TrackPointExtension>
        </extensions>
      </trkpt>
      <trkpt lat="-38.15279622562229633331298828125" lon="145.397644601762294769287109375">
        <ele>194.8000030517578125</ele>
        <time>2026-03-31T08:13:41.000Z</time>
        <extensions>
          <ns3:TrackPointExtension>
            <ns3:atemp>27.0</ns3:atemp>
            <ns3:hr>89</ns3:hr>
          </ns3:TrackPointExtension>
        </extensions>
      </trkpt>
      <trkpt lat="-38.15271710045635700225830078125" lon="145.3976930491626262664794921875">
        <ele>194</ele>
        <time>2026-03-31T08:13:43.000Z</time>
        <extensions>
          <ns3:TrackPointExtension>
            <ns3:atemp>27.0</ns3:atemp>
            <ns3:hr>91</ns3:hr>
          </ns3:TrackPointExtension>
        </extensions>
      </trkpt>
      <trkpt lat="-38.15267737023532390594482421875" lon="145.39772464893758296966552734375">
        <ele>193.8000030517578125</ele>
        <time>2026-03-31T08:13:44.000Z</time>
        <extensions>
          <ns3:TrackPointExtension>
            <ns3:atemp>27.0</ns3:atemp>
            <ns3:hr>92</ns3:hr>
          </ns3:TrackPointExtension>
        </extensions>
      </trkpt>
      <trkpt lat="-38.152639903128147125244140625" lon="145.397754572331905364990234375">
        <ele>193.600006103515625</ele>
        <time>2026-03-31T08:13:45.000Z</time>
        <extensions>
          <ns3:TrackPointExtension>
            <ns3:atemp>27.0</ns3:atemp>
            <ns3:hr>93</ns3:hr>
          </ns3:TrackPointExtension>
        </extensions>
      </trkpt>
      <trkpt lat="-38.15249003469944000244140625" lon="145.39787066169083118438720703125">
        <ele>193</ele>
        <time>2026-03-31T08:13:49.000Z</time>
        <extensions>
          <ns3:TrackPointExtension>
            <ns3:atemp>27.0</ns3:atemp>
            <ns3:hr>90</ns3:hr>
          </ns3:TrackPointExtension>
        </extensions>
      </trkpt>
      <trkpt lat="-38.1521849334239959716796875" lon="145.39805472828447818756103515625">
        <ele>193</ele>
        <time>2026-03-31T08:13:56.000Z</time>
        <extensions>
          <ns3:TrackPointExtension>
            <ns3:atemp>27.0</ns3:atemp>
            <ns3:hr>91</ns3:hr>
          </ns3:TrackPointExtension>
        </extensions>
      </trkpt>
      <trkpt lat="-38.15196976996958255767822265625" lon="145.39815765805542469024658203125">
        <ele>192.600006103515625</ele>
        <time>2026-03-31T08:14:01.000Z</time>
        <extensions>
          <ns3:TrackPointExtension>
            <ns3:atemp>27.0</ns3:atemp>
            <ns3:hr>90</ns3:hr>
          </ns3:TrackPointExtension>
        </extensions>
      </trkpt>
      <trkpt lat="-38.1518354080617427825927734375" lon="145.39822286926209926605224609375">
        <ele>191.600006103515625</ele>
        <time>2026-03-31T08:14:04.000Z</time>
        <extensions>
          <ns3:TrackPointExtension>
            <ns3:atemp>27.0</ns3:atemp>
            <ns3:hr>92</ns3:hr>
          </ns3:TrackPointExtension>
        </extensions>
      </trkpt>
      <trkpt lat="-38.15170255489647388458251953125" lon="145.3982881642878055572509765625">
        <ele>190.399993896484375</ele>
        <time>2026-03-31T08:14:07.000Z</time>
        <extensions>
          <ns3:TrackPointExtension>
            <ns3:atemp>27.0</ns3:atemp>
            <ns3:hr>90</ns3:hr>
          </ns3:TrackPointExtension>
        </extensions>
      </trkpt>
      <trkpt lat="-38.15157548524439334869384765625" lon="145.3983384557068347930908203125">
        <ele>189.399993896484375</ele>
        <time>2026-03-31T08:14:10.000Z</time>
        <extensions>
          <ns3:TrackPointExtension>
            <ns3:atemp>27.0</ns3:atemp>
            <ns3:hr>94</ns3:hr>
          </ns3:TrackPointExtension>
        </extensions>
      </trkpt>
      <trkpt lat="-38.15153005532920360565185546875" lon="145.39836267940700054168701171875">
        <ele>189.1999969482421875</ele>
        <time>2026-03-31T08:14:11.000Z</time>
        <extensions>
          <ns3:TrackPointExtension>
            <ns3:atemp>27.0</ns3:atemp>
            <ns3:hr>100</ns3:hr>
          </ns3:TrackPointExtension>
        </extensions>
      </trkpt>
      <trkpt lat="-38.1514821946620941162109375" lon="145.3983817063271999359130859375">
        <ele>188.8000030517578125</ele>
        <time>2026-03-31T08:14:12.000Z</time>
        <extensions>
          <ns3:TrackPointExtension>
            <ns3:atemp>27.0</ns3:atemp>
            <ns3:hr>105</ns3:hr>
          </ns3:TrackPointExtension>
        </extensions>
      </trkpt>
      <trkpt lat="-38.15143919549882411956787109375" lon="145.398402325809001922607421875">
        <ele>187.8000030517578125</ele>
        <time>2026-03-31T08:14:13.000Z</time>
        <extensions>
          <ns3:TrackPointExtension>
            <ns3:atemp>27.0</ns3:atemp>
            <ns3:hr>108</ns3:hr>
          </ns3:TrackPointExtension>
        </extensions>
      </trkpt>
      <trkpt lat="-38.15140130929648876190185546875" lon="145.39842755533754825592041015625">
        <ele>187</ele>
        <time>2026-03-31T08:14:14.000Z</time>
        <extensions>
          <ns3:TrackPointExtension>
            <ns3:atemp>27.0</ns3:atemp>
            <ns3:hr>109</ns3:hr>
          </ns3:TrackPointExtension>
        </extensions>
      </trkpt>
      <trkpt lat="-38.15136442892253398895263671875" lon="145.3984604962170124053955078125">
        <ele>186</ele>
        <time>2026-03-31T08:14:15.000Z</time>
        <extensions>
          <ns3:TrackPointExtension>
            <ns3:atemp>27.0</ns3:atemp>
            <ns3:hr>110</ns3:hr>
          </ns3:TrackPointExtension>
        </extensions>
      </trkpt>
      <trkpt lat="-38.15130558796226978302001953125" lon="145.39853098802268505096435546875">
        <ele>185</ele>
        <time>2026-03-31T08:14:17.000Z</time>
        <extensions>
          <ns3:TrackPointExtension>
            <ns3:atemp>27.0</ns3:atemp>
            <ns3:hr>111</ns3:hr>
          </ns3:TrackPointExtension>
        </extensions>
      </trkpt>
      <trkpt lat="-38.15121757797896862030029296875" lon="145.3986655175685882568359375">
        <ele>183.399993896484375</ele>
        <time>2026-03-31T08:14:20.000Z</time>
        <extensions>
          <ns3:TrackPointExtension>
            <ns3:atemp>27.0</ns3:atemp>
            <ns3:hr>112</ns3:hr>
          </ns3:TrackPointExtension>
        </extensions>
      </trkpt>
      <trkpt lat="-38.15117382444441318511962890625" lon="145.39877238683402538299560546875">
        <ele>182</ele>
        <time>2026-03-31T08:14:22.000Z</time>
        <extensions>
          <ns3:TrackPointExtension>
            <ns3:atemp>27.0</ns3:atemp>
            <ns3:hr>113</ns3:hr>
          </ns3:TrackPointExtension>
        </extensions>
      </trkpt>
      <trkpt lat="-38.15116141922771930694580078125" lon="145.39882284589111804962158203125">
        <ele>181</ele>
        <time>2026-03-31T08:14:23.000Z</time>
        <extensions>
          <ns3:TrackPointExtension>
            <ns3:atemp>27.0</ns3:atemp>
            <ns3:hr>112</ns3:hr>
          </ns3:TrackPointExtension>
        </extensions>
      </trkpt>
      <trkpt lat="-38.1511219404637813568115234375" lon="145.39894622750580310821533203125">
        <ele>179.399993896484375</ele>
        <time>2026-03-31T08:14:25.000Z</time>
        <extensions>
          <ns3:TrackPointExtension>
            <ns3:atemp>27.0</ns3:atemp>
            <ns3:hr>112</ns3:hr>
          </ns3:TrackPointExtension>
        </extensions>
      </trkpt>
      <trkpt lat="-38.15108531154692173004150390625" lon="145.39906810037791728973388671875">
        <ele>178.1999969482421875</ele>
        <time>2026-03-31T08:14:27.000Z</time>
        <extensions>
          <ns3:TrackPointExtension>
            <ns3:atemp>27.0</ns3:atemp>
            <ns3:hr>112</ns3:hr>
          </ns3:TrackPointExtension>
        </extensions>
      </trkpt>
      <trkpt lat="-38.15103359520435333251953125" lon="145.3992460481822490692138671875">
        <ele>177</ele>
        <time>2026-03-31T08:14:30.000Z</time>
        <extensions>
          <ns3:TrackPointExtension>
            <ns3:atemp>27.0</ns3:atemp>
            <ns3:hr>111</ns3:hr>
          </ns3:TrackPointExtension>
        </extensions>
      </trkpt>
      <trkpt lat="-38.15102077089250087738037109375" lon="145.39929918944835662841796875">
        <ele>176.399993896484375</ele>
        <time>2026-03-31T08:14:31.000Z</time>
        <extensions>
          <ns3:TrackPointExtension>
            <ns3:atemp>27.0</ns3:atemp>
            <ns3:hr>109</ns3:hr>
          </ns3:TrackPointExtension>
        </extensions>
      </trkpt>
      <trkpt lat="-38.15099864266812801361083984375" lon="145.39935744367539882659912109375">
        <ele>175.8000030517578125</ele>
        <time>2026-03-31T08:14:32.000Z</time>
        <extensions>
          <ns3:TrackPointExtension>
            <ns3:atemp>27.0</ns3:atemp>
            <ns3:hr>107</ns3:hr>
          </ns3:TrackPointExtension>
        </extensions>
      </trkpt>
      <trkpt lat="-38.1509804539382457733154296875" lon="145.39941511116921901702880859375">
        <ele>175.1999969482421875</ele>
        <time>2026-03-31T08:14:33.000Z</time>
        <extensions>
          <ns3:TrackPointExtension>
            <ns3:atemp>27.0</ns3:atemp>
            <ns3:hr>104</ns3:hr>
          </ns3:TrackPointExtension>
        </extensions>
      </trkpt>
      <trkpt lat="-38.15095924772322177886962890625" lon="145.39947143755853176116943359375">
        <ele>174.600006103515625</ele>
        <time>2026-03-31T08:14:34.000Z</time>
        <extensions>
          <ns3:TrackPointExtension>
            <ns3:atemp>27.0</ns3:atemp>
            <ns3:hr>101</ns3:hr>
          </ns3:TrackPointExtension>
        </extensions>
      </trkpt>
      <trkpt lat="-38.1509351916611194610595703125" lon="145.3995286859571933746337890625">
        <ele>173.8000030517578125</ele>
        <time>2026-03-31T08:14:35.000Z</time>
        <extensions>
          <ns3:TrackPointExtension>
            <ns3:atemp>27.0</ns3:atemp>
            <ns3:hr>97</ns3:hr>
          </ns3:TrackPointExtension>
        </extensions>
      </trkpt>
      <trkpt lat="-38.15091247670352458953857421875" lon="145.3995881974697113037109375">
        <ele>173.1999969482421875</ele>
        <time>2026-03-31T08:14:36.000Z</time>
        <extensions>
          <ns3:TrackPointExtension>
            <ns3:atemp>27.0</ns3:atemp>
            <ns3:hr>83</ns3:hr>
          </ns3:TrackPointExtension>
        </extensions>
      </trkpt>
      <trkpt lat="-38.15089403651654720306396484375" lon="145.39964477531611919403076171875">
        <ele>173</ele>
        <time>2026-03-31T08:14:37.000Z</time>
        <extensions>
          <ns3:TrackPointExtension>
            <ns3:atemp>27.0</ns3:atemp>
            <ns3:hr>75</ns3:hr>
          </ns3:TrackPointExtension>
        </extensions>
      </trkpt>
      <trkpt lat="-38.15085547976195812225341796875" lon="145.39977050386369228363037109375">
        <ele>172.8000030517578125</ele>
        <time>2026-03-31T08:14:39.000Z</time>
        <extensions>
          <ns3:TrackPointExtension>
            <ns3:atemp>27.0</ns3:atemp>
            <ns3:hr>71</ns3:hr>
          </ns3:TrackPointExtension>
        </extensions>
      </trkpt>
      <trkpt lat="-38.15084047615528106689453125" lon="145.39983001537621021270751953125">
        <ele>172.600006103515625</ele>
        <time>2026-03-31T08:14:40.000Z</time>
        <extensions>
          <ns3:TrackPointExtension>
            <ns3:atemp>27.0</ns3:atemp>
            <ns3:hr>68</ns3:hr>
          </ns3:TrackPointExtension>
        </extensions>
      </trkpt>
      <trkpt lat="-38.15081524662673473358154296875" lon="145.39989195764064788818359375">
        <ele>172</ele>
        <time>2026-03-31T08:14:41.000Z</time>
        <extensions>
          <ns3:TrackPointExtension>
            <ns3:atemp>27.0</ns3:atemp>
            <ns3:hr>67</ns3:hr>
          </ns3:TrackPointExtension>
        </extensions>
      </trkpt>
      <trkpt lat="-38.1507789529860019683837890625" lon="145.40001106448471546173095703125">
        <ele>169.8000030517578125</ele>
        <time>2026-03-31T08:14:43.000Z</time>
        <extensions>
          <ns3:TrackPointExtension>
            <ns3:atemp>27.0</ns3:atemp>
            <ns3:hr>66</ns3:hr>
          </ns3:TrackPointExtension>
        </extensions>
      </trkpt>
      <trkpt lat="-38.15074718557298183441162109375" lon="145.40014014579355716705322265625">
        <ele>168.399993896484375</ele>
        <time>2026-03-31T08:14:45.000Z</time>
        <extensions>
          <ns3:TrackPointExtension>
            <ns3:atemp>27.0</ns3:atemp>
            <ns3:hr>70</ns3:hr>
          </ns3:TrackPointExtension>
        </extensions>
      </trkpt>
      <trkpt lat="-38.15072237513959407806396484375" lon="145.40027207694947719573974609375">
        <ele>167.399993896484375</ele>
        <time>2026-03-31T08:14:47.000Z</time>
        <extensions>
          <ns3:TrackPointExtension>
            <ns3:atemp>27.0</ns3:atemp>
            <ns3:hr>75</ns3:hr>
          </ns3:TrackPointExtension>
        </extensions>
      </trkpt>
      <trkpt lat="-38.1507105566561222076416015625" lon="145.40033611468970775604248046875">
        <ele>166.600006103515625</ele>
        <time>2026-03-31T08:14:48.000Z</time>
        <extensions>
          <ns3:TrackPointExtension>
            <ns3:atemp>27.0</ns3:atemp>
            <ns3:hr>77</ns3:hr>
          </ns3:TrackPointExtension>
        </extensions>
      </trkpt>
      <trkpt lat="-38.15069505013525485992431640625" lon="145.4004061035811901092529296875">
        <ele>166</ele>
        <time>2026-03-31T08:14:49.000Z</time>
        <extensions>
          <ns3:TrackPointExtension>
            <ns3:atemp>27.0</ns3:atemp>
            <ns3:hr>79</ns3:hr>
          </ns3:TrackPointExtension>
        </extensions>
      </trkpt>
      <trkpt lat="-38.15067820250988006591796875" lon="145.40052236057817935943603515625">
        <ele>164.600006103515625</ele>
        <time>2026-03-31T08:14:51.000Z</time>
        <extensions>
          <ns3:TrackPointExtension>
            <ns3:atemp>27.0</ns3:atemp>
            <ns3:hr>83</ns3:hr>
          </ns3:TrackPointExtension>
        </extensions>
      </trkpt>
      <trkpt lat="-38.1506485305726528167724609375" lon="145.4006491787731647491455078125">
        <ele>163.8000030517578125</ele>
        <time>2026-03-31T08:14:53.000Z</time>
        <extensions>
          <ns3:TrackPointExtension>
            <ns3:atemp>27.0</ns3:atemp>
            <ns3:hr>86</ns3:hr>
          </ns3:TrackPointExtension>
        </extensions>
      </trkpt>
      <trkpt lat="-38.1506341136991977691650390625" lon="145.40070408023893833160400390625">
        <ele>163.8000030517578125</ele>
        <time>2026-03-31T08:14:54.000Z</time>
        <extensions>
          <ns3:TrackPointExtension>
            <ns3:atemp>27.0</ns3:atemp>
            <ns3:hr>90</ns3:hr>
          </ns3:TrackPointExtension>
        </extensions>
      </trkpt>
      <trkpt lat="-38.15062212757766246795654296875" lon="145.40076811797916889190673828125">
        <ele>163.600006103515625</ele>
        <time>2026-03-31T08:14:55.000Z</time>
        <extensions>
          <ns3:TrackPointExtension>
            <ns3:atemp>27.0</ns3:atemp>
            <ns3:hr>94</ns3:hr>
          </ns3:TrackPointExtension>
        </extensions>
      </trkpt>
      <trkpt lat="-38.1505982391536235809326171875" lon="145.4008345864713191986083984375">
        <ele>163.1999969482421875</ele>
        <time>2026-03-31T08:14:56.000Z</time>
        <extensions>
          <ns3:TrackPointExtension>
            <ns3:atemp>27.0</ns3:atemp>
            <ns3:hr>95</ns3:hr>
          </ns3:TrackPointExtension>
        </extensions>
      </trkpt>
      <trkpt lat="-38.1505570001900196075439453125" lon="145.400953777134418487548828125">
        <ele>161.8000030517578125</ele>
        <time>2026-03-31T08:14:58.000Z</time>
        <extensions>
          <ns3:TrackPointExtension>
            <ns3:atemp>27.0</ns3:atemp>
            <ns3:hr>97</ns3:hr>
          </ns3:TrackPointExtension>
        </extensions>
      </trkpt>
      <trkpt lat="-38.150504529476165771484375" lon="145.40107103995978832244873046875">
        <ele>160.8000030517578125</ele>
        <time>2026-03-31T08:15:00.000Z</time>
        <extensions>
          <ns3:TrackPointExtension>
            <ns3:atemp>27.0</ns3:atemp>
            <ns3:hr>98</ns3:hr>
          </ns3:TrackPointExtension>
        </extensions>
      </trkpt>
      <trkpt lat="-38.15046538598835468292236328125" lon="145.40117464028298854827880859375">
        <ele>160.1999969482421875</ele>
        <time>2026-03-31T08:15:02.000Z</time>
        <extensions>
          <ns3:TrackPointExtension>
            <ns3:atemp>27.0</ns3:atemp>
            <ns3:hr>99</ns3:hr>
          </ns3:TrackPointExtension>
        </extensions>
      </trkpt>
      <trkpt lat="-38.1504319421947002410888671875" lon="145.4012350738048553466796875">
        <ele>159.600006103515625</ele>
        <time>2026-03-31T08:15:03.000Z</time>
        <extensions>
          <ns3:TrackPointExtension>
            <ns3:atemp>27.0</ns3:atemp>
            <ns3:hr>100</ns3:hr>
          </ns3:TrackPointExtension>
        </extensions>
      </trkpt>
      <trkpt lat="-38.15040587447583675384521484375" lon="145.40128293447196483612060546875">
        <ele>158.8000030517578125</ele>
        <time>2026-03-31T08:15:04.000Z</time>
        <extensions>
          <ns3:TrackPointExtension>
            <ns3:atemp>27.0</ns3:atemp>
            <ns3:hr>101</ns3:hr>
          </ns3:TrackPointExtension>
        </extensions>
      </trkpt>
      <trkpt lat="-38.15037268213927745819091796875" lon="145.40132417343556880950927734375">
        <ele>158.1999969482421875</ele>
        <time>2026-03-31T08:15:05.000Z</time>
        <extensions>
          <ns3:TrackPointExtension>
            <ns3:atemp>27.0</ns3:atemp>
            <ns3:hr>102</ns3:hr>
          </ns3:TrackPointExtension>
        </extensions>
      </trkpt>
      <trkpt lat="-38.150264807045459747314453125" lon="145.40145074017345905303955078125">
        <ele>155.8000030517578125</ele>
        <time>2026-03-31T08:15:08.000Z</time>
        <extensions>
          <ns3:TrackPointExtension>
            <ns3:atemp>27.0</ns3:atemp>
            <ns3:hr>104</ns3:hr>
          </ns3:TrackPointExtension>
        </extensions>
      </trkpt>
      <trkpt lat="-38.1502143479883670806884765625" lon="145.40148745290935039520263671875">
        <ele>155.1999969482421875</ele>
        <time>2026-03-31T08:15:09.000Z</time>
        <extensions>
          <ns3:TrackPointExtension>
            <ns3:atemp>27.0</ns3:atemp>
            <ns3:hr>105</ns3:hr>
          </ns3:TrackPointExtension>
        </extensions>
      </trkpt>
      <trkpt lat="-38.1501211412250995635986328125" lon="145.40156221948564052581787109375">
        <ele>153.399993896484375</ele>
        <time>2026-03-31T08:15:11.000Z</time>
        <extensions>
          <ns3:TrackPointExtension>
            <ns3:atemp>27.0</ns3:atemp>
            <ns3:hr>107</ns3:hr>
          </ns3:TrackPointExtension>
        </extensions>
      </trkpt>
      <trkpt lat="-38.15008141100406646728515625" lon="145.4015819169580936431884765625">
        <ele>152.8000030517578125</ele>
        <time>2026-03-31T08:15:12.000Z</time>
        <extensions>
          <ns3:TrackPointExtension>
            <ns3:atemp>27.0</ns3:atemp>
            <ns3:hr>108</ns3:hr>
          </ns3:TrackPointExtension>
        </extensions>
      </trkpt>
      <trkpt lat="-38.1500346399843692779541015625" lon="145.40160161443054676055908203125">
        <ele>152.1999969482421875</ele>
        <time>2026-03-31T08:15:13.000Z</time>
        <extensions>
          <ns3:TrackPointExtension>
            <ns3:atemp>27.0</ns3:atemp>
            <ns3:hr>109</ns3:hr>
          </ns3:TrackPointExtension>
        </extensions>
      </trkpt>
      <trkpt lat="-38.149930536746978759765625" lon="145.40163598023355007171630859375">
        <ele>150.600006103515625</ele>
        <time>2026-03-31T08:15:15.000Z</time>
        <extensions>
          <ns3:TrackPointExtension>
            <ns3:atemp>27.0</ns3:atemp>
            <ns3:hr>108</ns3:hr>
          </ns3:TrackPointExtension>
        </extensions>
      </trkpt>
      <trkpt lat="-38.14987462945282459259033203125" lon="145.40164344012737274169921875">
        <ele>150.1999969482421875</ele>
        <time>2026-03-31T08:15:16.000Z</time>
        <extensions>
          <ns3:TrackPointExtension>
            <ns3:atemp>27.0</ns3:atemp>
            <ns3:hr>105</ns3:hr>
          </ns3:TrackPointExtension>
        </extensions>
      </trkpt>
      <trkpt lat="-38.14979039132595062255859375" lon="145.4016553424298763275146484375">
        <ele>149.600006103515625</ele>
        <time>2026-03-31T08:15:18.000Z</time>
        <extensions>
          <ns3:TrackPointExtension>
            <ns3:atemp>27.0</ns3:atemp>
            <ns3:hr>105</ns3:hr>
          </ns3:TrackPointExtension>
        </extensions>
      </trkpt>
      <trkpt lat="-38.14973649568855762481689453125" lon="145.40165576152503490447998046875">
        <ele>148.399993896484375</ele>
        <time>2026-03-31T08:15:19.000Z</time>
        <extensions>
          <ns3:TrackPointExtension>
            <ns3:atemp>27.0</ns3:atemp>
            <ns3:hr>105</ns3:hr>
          </ns3:TrackPointExtension>
        </extensions>
      </trkpt>
      <trkpt lat="-38.14962116070091724395751953125" lon="145.40166087448596954345703125">
        <ele>147</ele>
        <time>2026-03-31T08:15:21.000Z</time>
        <extensions>
          <ns3:TrackPointExtension>
            <ns3:atemp>27.0</ns3:atemp>
            <ns3:hr>105</ns3:hr>
          </ns3:TrackPointExtension>
        </extensions>
      </trkpt>
      <trkpt lat="-38.14956969581544399261474609375" lon="145.40166162885725498199462890625">
        <ele>145.399993896484375</ele>
        <time>2026-03-31T08:15:22.000Z</time>
        <extensions>
          <ns3:TrackPointExtension>
            <ns3:atemp>27.0</ns3:atemp>
            <ns3:hr>105</ns3:hr>
          </ns3:TrackPointExtension>
        </extensions>
      </trkpt>
      <trkpt lat="-38.14946928061544895172119140625" lon="145.40166330523788928985595703125">
        <ele>144.1999969482421875</ele>
        <time>2026-03-31T08:15:24.000Z</time>
        <extensions>
          <ns3:TrackPointExtension>
            <ns3:atemp>27.0</ns3:atemp>
            <ns3:hr>104</ns3:hr>
          </ns3:TrackPointExtension>
        </extensions>
      </trkpt>
      <trkpt lat="-38.1493546999990940093994140625" lon="145.4016724415123462677001953125">
        <ele>142.399993896484375</ele>
        <time>2026-03-31T08:15:26.000Z</time>
        <extensions>
          <ns3:TrackPointExtension>
            <ns3:atemp>27.0</ns3:atemp>
            <ns3:hr>104</ns3:hr>
          </ns3:TrackPointExtension>
        </extensions>
      </trkpt>
      <trkpt lat="-38.149246908724308013916015625" lon="145.40167671628296375274658203125">
        <ele>140.600006103515625</ele>
        <time>2026-03-31T08:15:28.000Z</time>
        <extensions>
          <ns3:TrackPointExtension>
            <ns3:atemp>27.0</ns3:atemp>
            <ns3:hr>104</ns3:hr>
          </ns3:TrackPointExtension>
        </extensions>
      </trkpt>
      <trkpt lat="-38.1491350941359996795654296875" lon="145.40166716091334819793701171875">
        <ele>139.1999969482421875</ele>
        <time>2026-03-31T08:15:30.000Z</time>
        <extensions>
          <ns3:TrackPointExtension>
            <ns3:atemp>27.0</ns3:atemp>
            <ns3:hr>105</ns3:hr>
          </ns3:TrackPointExtension>
        </extensions>
      </trkpt>
      <trkpt lat="-38.149018585681915283203125" lon="145.40164335630834102630615234375">
        <ele>137.600006103515625</ele>
        <time>2026-03-31T08:15:32.000Z</time>
        <extensions>
          <ns3:TrackPointExtension>
            <ns3:atemp>27.0</ns3:atemp>
            <ns3:hr>105</ns3:hr>
          </ns3:TrackPointExtension>
        </extensions>
      </trkpt>
      <trkpt lat="-38.1489081121981143951416015625" lon="145.40162407793104648590087890625">
        <ele>135.8000030517578125</ele>
        <time>2026-03-31T08:15:34.000Z</time>
        <extensions>
          <ns3:TrackPointExtension>
            <ns3:atemp>27.0</ns3:atemp>
            <ns3:hr>106</ns3:hr>
          </ns3:TrackPointExtension>
        </extensions>
      </trkpt>
      <trkpt lat="-38.1487978063523769378662109375" lon="145.40161125361919403076171875">
        <ele>133.600006103515625</ele>
        <time>2026-03-31T08:15:36.000Z</time>
        <extensions>
          <ns3:TrackPointExtension>
            <ns3:atemp>27.0</ns3:atemp>
            <ns3:hr>106</ns3:hr>
          </ns3:TrackPointExtension>
        </extensions>
      </trkpt>
      <trkpt lat="-38.14874701201915740966796875" lon="145.40159708820283412933349609375">
        <ele>132.1999969482421875</ele>
        <time>2026-03-31T08:15:37.000Z</time>
        <extensions>
          <ns3:TrackPointExtension>
            <ns3:atemp>27.0</ns3:atemp>
            <ns3:hr>105</ns3:hr>
          </ns3:TrackPointExtension>
        </extensions>
      </trkpt>
      <trkpt lat="-38.14869076944887638092041015625" lon="145.40159046649932861328125">
        <ele>130.8000030517578125</ele>
        <time>2026-03-31T08:15:38.000Z</time>
        <extensions>
          <ns3:TrackPointExtension>
            <ns3:atemp>27.0</ns3:atemp>
            <ns3:hr>104</ns3:hr>
          </ns3:TrackPointExtension>
        </extensions>
      </trkpt>
      <trkpt lat="-38.14862539060413837432861328125" lon="145.40158283896744251251220703125">
        <ele>129.1999969482421875</ele>
        <time>2026-03-31T08:15:39.000Z</time>
        <extensions>
          <ns3:TrackPointExtension>
            <ns3:atemp>27.0</ns3:atemp>
            <ns3:hr>102</ns3:hr>
          </ns3:TrackPointExtension>
        </extensions>
      </trkpt>
      <trkpt lat="-38.14856059849262237548828125" lon="145.40157529525458812713623046875">
        <ele>127.59999847412109375</ele>
        <time>2026-03-31T08:15:40.000Z</time>
        <extensions>
          <ns3:TrackPointExtension>
            <ns3:atemp>27.0</ns3:atemp>
            <ns3:hr>96</ns3:hr>
          </ns3:TrackPointExtension>
        </extensions>
      </trkpt>
      <trkpt lat="-38.148506619036197662353515625" lon="145.40156431496143341064453125">
        <ele>126</ele>
        <time>2026-03-31T08:15:41.000Z</time>
        <extensions>
          <ns3:TrackPointExtension>
            <ns3:atemp>27.0</ns3:atemp>
            <ns3:hr>92</ns3:hr>
          </ns3:TrackPointExtension>
        </extensions>
      </trkpt>
      <trkpt lat="-38.14845205284655094146728515625" lon="145.401557274162769317626953125">
        <ele>124.40000152587890625</ele>
        <time>2026-03-31T08:15:42.000Z</time>
        <extensions>
          <ns3:TrackPointExtension>
            <ns3:atemp>27.0</ns3:atemp>
            <ns3:hr>91</ns3:hr>
          </ns3:TrackPointExtension>
        </extensions>
      </trkpt>
      <trkpt lat="-38.14839656464755535125732421875" lon="145.4015500657260417938232421875">
        <ele>122.8000030517578125</ele>
        <time>2026-03-31T08:15:43.000Z</time>
        <extensions>
          <ns3:TrackPointExtension>
            <ns3:atemp>27.0</ns3:atemp>
            <ns3:hr>89</ns3:hr>
          </ns3:TrackPointExtension>
        </extensions>
      </trkpt>
      <trkpt lat="-38.1483371369540691375732421875" lon="145.40154092945158481597900390625">
        <ele>121.40000152587890625</ele>
        <time>2026-03-31T08:15:44.000Z</time>
        <extensions>
          <ns3:TrackPointExtension>
            <ns3:atemp>27.0</ns3:atemp>
            <ns3:hr>88</ns3:hr>
          </ns3:TrackPointExtension>
        </extensions>
      </trkpt>
      <trkpt lat="-38.14827871508896350860595703125" lon="145.40153522975742816925048828125">
        <ele>120</ele>
        <time>2026-03-31T08:15:45.000Z</time>
        <extensions>
          <ns3:TrackPointExtension>
            <ns3:atemp>27.0</ns3:atemp>
            <ns3:hr>88</ns3:hr>
          </ns3:TrackPointExtension>
        </extensions>
      </trkpt>
      <trkpt lat="-38.14821325242519378662109375" lon="145.40152969770133495330810546875">
        <ele>118.8000030517578125</ele>
        <time>2026-03-31T08:15:46.000Z</time>
        <extensions>
          <ns3:TrackPointExtension>
            <ns3:atemp>27.0</ns3:atemp>
            <ns3:hr>89</ns3:hr>
          </ns3:TrackPointExtension>
        </extensions>
      </trkpt>
      <trkpt lat="-38.1481493823230266571044921875" lon="145.40152885951101779937744140625">
        <ele>117.1999969482421875</ele>
        <time>2026-03-31T08:15:47.000Z</time>
        <extensions>
          <ns3:TrackPointExtension>
            <ns3:atemp>27.0</ns3:atemp>
            <ns3:hr>91</ns3:hr>
          </ns3:TrackPointExtension>
        </extensions>
      </trkpt>
      <trkpt lat="-38.14808718860149383544921875" lon="145.40151712484657764434814453125">
        <ele>115.59999847412109375</ele>
        <time>2026-03-31T08:15:48.000Z</time>
        <extensions>
          <ns3:TrackPointExtension>
            <ns3:atemp>27.0</ns3:atemp>
            <ns3:hr>92</ns3:hr>
          </ns3:TrackPointExtension>
        </extensions>
      </trkpt>
      <trkpt lat="-38.1480221450328826904296875" lon="145.40150530636310577392578125">
        <ele>114</ele>
        <time>2026-03-31T08:15:49.000Z</time>
        <extensions>
          <ns3:TrackPointExtension>
            <ns3:atemp>27.0</ns3:atemp>
            <ns3:hr>93</ns3:hr>
          </ns3:TrackPointExtension>
        </extensions>
      </trkpt>
      <trkpt lat="-38.147961795330047607421875" lon="145.4014872014522552490234375">
        <ele>112.40000152587890625</ele>
        <time>2026-03-31T08:15:50.000Z</time>
        <extensions>
          <ns3:TrackPointExtension>
            <ns3:atemp>27.0</ns3:atemp>
            <ns3:hr>94</ns3:hr>
          </ns3:TrackPointExtension>
        </extensions>
      </trkpt>
      <trkpt lat="-38.1479041278362274169921875" lon="145.401470102369785308837890625">
        <ele>110.8000030517578125</ele>
        <time>2026-03-31T08:15:51.000Z</time>
        <extensions>
          <ns3:TrackPointExtension>
            <ns3:atemp>27.0</ns3:atemp>
            <ns3:hr>95</ns3:hr>
          </ns3:TrackPointExtension>
        </extensions>
      </trkpt>
      <trkpt lat="-38.14784302376210689544677734375" lon="145.40145560167729854583740234375">
        <ele>109.1999969482421875</ele>
        <time>2026-03-31T08:15:52.000Z</time>
        <extensions>
          <ns3:TrackPointExtension>
            <ns3:atemp>27.0</ns3:atemp>
            <ns3:hr>95</ns3:hr>
          </ns3:TrackPointExtension>
        </extensions>
      </trkpt>
      <trkpt lat="-38.14778409898281097412109375" lon="145.40144554339349269866943359375">
        <ele>107.8000030517578125</ele>
        <time>2026-03-31T08:15:53.000Z</time>
        <extensions>
          <ns3:TrackPointExtension>
            <ns3:atemp>27.0</ns3:atemp>
            <ns3:hr>96</ns3:hr>
          </ns3:TrackPointExtension>
        </extensions>
      </trkpt>
      <trkpt lat="-38.14772374927997589111328125" lon="145.4014330543577671051025390625">
        <ele>106.59999847412109375</ele>
        <time>2026-03-31T08:15:54.000Z</time>
        <extensions>
          <ns3:TrackPointExtension>
            <ns3:atemp>27.0</ns3:atemp>
            <ns3:hr>99</ns3:hr>
          </ns3:TrackPointExtension>
        </extensions>
      </trkpt>
      <trkpt lat="-38.14766784198582172393798828125" lon="145.4014203138649463653564453125">
        <ele>105.1999969482421875</ele>
        <time>2026-03-31T08:15:55.000Z</time>
        <extensions>
          <ns3:TrackPointExtension>
            <ns3:atemp>27.0</ns3:atemp>
            <ns3:hr>104</ns3:hr>
          </ns3:TrackPointExtension>
        </extensions>
      </trkpt>
      <trkpt lat="-38.14760816283524036407470703125" lon="145.40140966884791851043701171875">
        <ele>104</ele>
        <time>2026-03-31T08:15:56.000Z</time>
        <extensions>
          <ns3:TrackPointExtension>
            <ns3:atemp>27.0</ns3:atemp>
            <ns3:hr>107</ns3:hr>
          </ns3:TrackPointExtension>
        </extensions>
      </trkpt>
      <trkpt lat="-38.1475532613694667816162109375" lon="145.4014018736779689788818359375">
        <ele>102.59999847412109375</ele>
        <time>2026-03-31T08:15:57.000Z</time>
        <extensions>
          <ns3:TrackPointExtension>
            <ns3:atemp>27.0</ns3:atemp>
            <ns3:hr>110</ns3:hr>
          </ns3:TrackPointExtension>
        </extensions>
      </trkpt>
      <trkpt lat="-38.14749567769467830657958984375" lon="145.401396341621875762939453125">
        <ele>101.40000152587890625</ele>
        <time>2026-03-31T08:15:58.000Z</time>
        <extensions>
          <ns3:TrackPointExtension>
            <ns3:atemp>27.0</ns3:atemp>
            <ns3:hr>113</ns3:hr>
          </ns3:TrackPointExtension>
        </extensions>
      </trkpt>
      <trkpt lat="-38.1474406085908412933349609375" lon="145.4013951681554317474365234375">
        <ele>100</ele>
        <time>2026-03-31T08:15:59.000Z</time>
        <extensions>
          <ns3:TrackPointExtension>
            <ns3:atemp>27.0</ns3:atemp>
            <ns3:hr>119</ns3:hr>
          </ns3:TrackPointExtension>
        </extensions>
      </trkpt>
      <trkpt lat="-38.1473842822015285491943359375" lon="145.40139676071703433990478515625">
        <ele>98.59999847412109375</ele>
        <time>2026-03-31T08:16:00.000Z</time>
        <extensions>
          <ns3:TrackPointExtension>
            <ns3:atemp>27.0</ns3:atemp>
            <ns3:hr>121</ns3:hr>
          </ns3:TrackPointExtension>
        </extensions>
      </trkpt>
      <trkpt lat="-38.1473301351070404052734375" lon="145.4013998620212078094482421875">
        <ele>97.1999969482421875</ele>
        <time>2026-03-31T08:16:01.000Z</time>
        <extensions>
          <ns3:TrackPointExtension>
            <ns3:atemp>27.0</ns3:atemp>
            <ns3:hr>121</ns3:hr>
          </ns3:TrackPointExtension>
        </extensions>
      </trkpt>
      <trkpt lat="-38.14726567827165126800537109375" lon="145.40139089338481426239013671875">
        <ele>96</ele>
        <time>2026-03-31T08:16:02.000Z</time>
        <extensions>
          <ns3:TrackPointExtension>
            <ns3:atemp>27.0</ns3:atemp>
            <ns3:hr>122</ns3:hr>
          </ns3:TrackPointExtension>
        </extensions>
      </trkpt>
      <trkpt lat="-38.14720474183559417724609375" lon="145.40138192474842071533203125">
        <ele>94.59999847412109375</ele>
        <time>2026-03-31T08:16:03.000Z</time>
        <extensions>
          <ns3:TrackPointExtension>
            <ns3:atemp>27.0</ns3:atemp>
            <ns3:hr>122</ns3:hr>
          </ns3:TrackPointExtension>
        </extensions>
      </trkpt>
      <trkpt lat="-38.147146739065647125244140625" lon="145.4013609699904918670654296875">
        <ele>93.1999969482421875</ele>
        <time>2026-03-31T08:16:04.000Z</time>
        <extensions>
          <ns3:TrackPointExtension>
            <ns3:atemp>27.0</ns3:atemp>
            <ns3:hr>121</ns3:hr>
          </ns3:TrackPointExtension>
        </extensions>
      </trkpt>
      <trkpt lat="-38.14710206352174282073974609375" lon="145.401340685784816741943359375">
        <ele>91.59999847412109375</ele>
        <time>2026-03-31T08:16:05.000Z</time>
        <extensions>
          <ns3:TrackPointExtension>
            <ns3:atemp>27.0</ns3:atemp>
            <ns3:hr>121</ns3:hr>
          </ns3:TrackPointExtension>
        </extensions>
      </trkpt>
      <trkpt lat="-38.1470433063805103302001953125" lon="145.4013281129300594329833984375">
        <ele>90</ele>
        <time>2026-03-31T08:16:06.000Z</time>
        <extensions>
          <ns3:TrackPointExtension>
            <ns3:atemp>27.0</ns3:atemp>
            <ns3:hr>121</ns3:hr>
          </ns3:TrackPointExtension>
        </extensions>
      </trkpt>
      <trkpt lat="-38.14698438160121440887451171875" lon="145.40131880901753902435302734375">
        <ele>88.40000152587890625</ele>
        <time>2026-03-31T08:16:07.000Z</time>
        <extensions>
          <ns3:TrackPointExtension>
            <ns3:atemp>27.0</ns3:atemp>
            <ns3:hr>120</ns3:hr>
          </ns3:TrackPointExtension>
        </extensions>
      </trkpt>
      <trkpt lat="-38.14692084677517414093017578125" lon="145.40131042711436748504638671875">
        <ele>86.8000030517578125</ele>
        <time>2026-03-31T08:16:08.000Z</time>
        <extensions>
          <ns3:TrackPointExtension>
            <ns3:atemp>28.0</ns3:atemp>
            <ns3:hr>118</ns3:hr>
          </ns3:TrackPointExtension>
        </extensions>
      </trkpt>
      <trkpt lat="-38.1468632631003856658935546875" lon="145.40128595195710659027099609375">
        <ele>85.1999969482421875</ele>
        <time>2026-03-31T08:16:09.000Z</time>
        <extensions>
          <ns3:TrackPointExtension>
            <ns3:atemp>28.0</ns3:atemp>
            <ns3:hr>117</ns3:hr>
          </ns3:TrackPointExtension>
        </extensions>
      </trkpt>
      <trkpt lat="-38.14680232666432857513427734375" lon="145.401271618902683258056640625">
        <ele>83.59999847412109375</ele>
        <time>2026-03-31T08:16:10.000Z</time>
        <extensions>
          <ns3:TrackPointExtension>
            <ns3:atemp>28.0</ns3:atemp>
            <ns3:hr>116</ns3:hr>
          </ns3:TrackPointExtension>
        </extensions>
      </trkpt>
      <trkpt lat="-38.14674432389438152313232421875" lon="145.40126130916178226470947265625">
        <ele>82.1999969482421875</ele>
        <time>2026-03-31T08:16:11.000Z</time>
        <extensions>
          <ns3:TrackPointExtension>
            <ns3:atemp>28.0</ns3:atemp>
            <ns3:hr>116</ns3:hr>
          </ns3:TrackPointExtension>
        </extensions>
      </trkpt>
      <trkpt lat="-38.14668548293411731719970703125" lon="145.4012556932866573333740234375">
        <ele>80.8000030517578125</ele>
        <time>2026-03-31T08:16:12.000Z</time>
        <extensions>
          <ns3:TrackPointExtension>
            <ns3:atemp>28.0</ns3:atemp>
            <ns3:hr>117</ns3:hr>
          </ns3:TrackPointExtension>
        </extensions>
      </trkpt>
      <trkpt lat="-38.1466305814683437347412109375" lon="145.40124940685927867889404296875">
        <ele>79.1999969482421875</ele>
        <time>2026-03-31T08:16:13.000Z</time>
        <extensions>
          <ns3:TrackPointExtension>
            <ns3:atemp>28.0</ns3:atemp>
            <ns3:hr>117</ns3:hr>
          </ns3:TrackPointExtension>
        </extensions>
      </trkpt>
      <trkpt lat="-38.14657668583095073699951171875" lon="145.401255190372467041015625">
        <ele>77.8000030517578125</ele>
        <time>2026-03-31T08:16:14.000Z</time>
        <extensions>
          <ns3:TrackPointExtension>
            <ns3:atemp>28.0</ns3:atemp>
            <ns3:hr>120</ns3:hr>
          </ns3:TrackPointExtension>
        </extensions>
      </trkpt>
      <trkpt lat="-38.146519772708415985107421875" lon="145.40126097388565540313720703125">
        <ele>76.1999969482421875</ele>
        <time>2026-03-31T08:16:15.000Z</time>
        <extensions>
          <ns3:TrackPointExtension>
            <ns3:atemp>28.0</ns3:atemp>
            <ns3:hr>122</ns3:hr>
          </ns3:TrackPointExtension>
        </extensions>
      </trkpt>
      <trkpt lat="-38.1464555673301219940185546875" lon="145.40126533247530460357666015625">
        <ele>74.8000030517578125</ele>
        <time>2026-03-31T08:16:16.000Z</time>
        <extensions>
          <ns3:TrackPointExtension>
            <ns3:atemp>28.0</ns3:atemp>
            <ns3:hr>122</ns3:hr>
          </ns3:TrackPointExtension>
        </extensions>
      </trkpt>
      <trkpt lat="-38.14639932475984096527099609375" lon="145.40126265026628971099853515625">
        <ele>73.40000152587890625</ele>
        <time>2026-03-31T08:16:17.000Z</time>
        <extensions>
          <ns3:TrackPointExtension>
            <ns3:atemp>28.0</ns3:atemp>
            <ns3:hr>122</ns3:hr>
          </ns3:TrackPointExtension>
        </extensions>
      </trkpt>
      <trkpt lat="-38.1463377177715301513671875" lon="145.40126348845660686492919921875">
        <ele>72.40000152587890625</ele>
        <time>2026-03-31T08:16:18.000Z</time>
        <extensions>
          <ns3:TrackPointExtension>
            <ns3:atemp>28.0</ns3:atemp>
            <ns3:hr>122</ns3:hr>
          </ns3:TrackPointExtension>
        </extensions>
      </trkpt>
      <trkpt lat="-38.14621961675584316253662109375" lon="145.40125980041921138763427734375">
        <ele>70.8000030517578125</ele>
        <time>2026-03-31T08:16:20.000Z</time>
        <extensions>
          <ns3:TrackPointExtension>
            <ns3:atemp>28.0</ns3:atemp>
            <ns3:hr>121</ns3:hr>
          </ns3:TrackPointExtension>
        </extensions>
      </trkpt>
      <trkpt lat="-38.14616278745234012603759765625" lon="145.401255190372467041015625">
        <ele>69.8000030517578125</ele>
        <time>2026-03-31T08:16:21.000Z</time>
        <extensions>
          <ns3:TrackPointExtension>
            <ns3:atemp>28.0</ns3:atemp>
            <ns3:hr>121</ns3:hr>
          </ns3:TrackPointExtension>
        </extensions>
      </trkpt>
      <trkpt lat="-38.1461028568446636199951171875" lon="145.40124756284058094024658203125">
        <ele>68.8000030517578125</ele>
        <time>2026-03-31T08:16:22.000Z</time>
        <extensions>
          <ns3:TrackPointExtension>
            <ns3:atemp>28.0</ns3:atemp>
            <ns3:hr>120</ns3:hr>
          </ns3:TrackPointExtension>
        </extensions>
      </trkpt>
      <trkpt lat="-38.14604594372212886810302734375" lon="145.4012402705848217010498046875">
        <ele>67.8000030517578125</ele>
        <time>2026-03-31T08:16:23.000Z</time>
        <extensions>
          <ns3:TrackPointExtension>
            <ns3:atemp>28.0</ns3:atemp>
            <ns3:hr>120</ns3:hr>
          </ns3:TrackPointExtension>
        </extensions>
      </trkpt>
      <trkpt lat="-38.14598090015351772308349609375" lon="145.40123281069099903106689453125">
        <ele>66.8000030517578125</ele>
        <time>2026-03-31T08:16:24.000Z</time>
        <extensions>
          <ns3:TrackPointExtension>
            <ns3:atemp>28.0</ns3:atemp>
            <ns3:hr>120</ns3:hr>
          </ns3:TrackPointExtension>
        </extensions>
      </trkpt>
      <trkpt lat="-38.1459181196987628936767578125" lon="145.401219986379146575927734375">
        <ele>65.59999847412109375</ele>
        <time>2026-03-31T08:16:25.000Z</time>
        <extensions>
          <ns3:TrackPointExtension>
            <ns3:atemp>28.0</ns3:atemp>
            <ns3:hr>120</ns3:hr>
          </ns3:TrackPointExtension>
        </extensions>
      </trkpt>
      <trkpt lat="-38.14585651271045207977294921875" lon="145.4012028872966766357421875">
        <ele>64.40000152587890625</ele>
        <time>2026-03-31T08:16:26.000Z</time>
        <extensions>
          <ns3:TrackPointExtension>
            <ns3:atemp>28.0</ns3:atemp>
            <ns3:hr>120</ns3:hr>
          </ns3:TrackPointExtension>
        </extensions>
      </trkpt>
      <trkpt lat="-38.1458004377782344818115234375" lon="145.40118453092873096466064453125">
        <ele>63.40000152587890625</ele>
        <time>2026-03-31T08:16:27.000Z</time>
        <extensions>
          <ns3:TrackPointExtension>
            <ns3:atemp>28.0</ns3:atemp>
            <ns3:hr>120</ns3:hr>
          </ns3:TrackPointExtension>
        </extensions>
      </trkpt>
      <trkpt lat="-38.145731873810291290283203125" lon="145.401174388825893402099609375">
        <ele>62.200000762939453125</ele>
        <time>2026-03-31T08:16:28.000Z</time>
        <extensions>
          <ns3:TrackPointExtension>
            <ns3:atemp>28.0</ns3:atemp>
            <ns3:hr>120</ns3:hr>
          </ns3:TrackPointExtension>
        </extensions>
      </trkpt>
      <trkpt lat="-38.1456700153648853302001953125" lon="145.4011675156652927398681640625">
        <ele>60.59999847412109375</ele>
        <time>2026-03-31T08:16:29.000Z</time>
        <extensions>
          <ns3:TrackPointExtension>
            <ns3:atemp>28.0</ns3:atemp>
            <ns3:hr>120</ns3:hr>
          </ns3:TrackPointExtension>
        </extensions>
      </trkpt>
      <trkpt lat="-38.14561544917523860931396484375" lon="145.40114748291671276092529296875">
        <ele>58.799999237060546875</ele>
        <time>2026-03-31T08:16:30.000Z</time>
        <extensions>
          <ns3:TrackPointExtension>
            <ns3:atemp>28.0</ns3:atemp>
            <ns3:hr>121</ns3:hr>
          </ns3:TrackPointExtension>
        </extensions>
      </trkpt>
      <trkpt lat="-38.1455473043024539947509765625" lon="145.4011259414255619049072265625">
        <ele>56.799999237060546875</ele>
        <time>2026-03-31T08:16:31.000Z</time>
        <extensions>
          <ns3:TrackPointExtension>
            <ns3:atemp>28.0</ns3:atemp>
            <ns3:hr>120</ns3:hr>
          </ns3:TrackPointExtension>
        </extensions>
      </trkpt>
      <trkpt lat="-38.145482428371906280517578125" lon="145.4011081717908382415771484375">
        <ele>54.799999237060546875</ele>
        <time>2026-03-31T08:16:32.000Z</time>
        <extensions>
          <ns3:TrackPointExtension>
            <ns3:atemp>28.0</ns3:atemp>
            <ns3:hr>120</ns3:hr>
          </ns3:TrackPointExtension>
        </extensions>
      </trkpt>
      <trkpt lat="-38.14542870037257671356201171875" lon="145.40107958950102329254150390625">
        <ele>52.799999237060546875</ele>
        <time>2026-03-31T08:16:33.000Z</time>
        <extensions>
          <ns3:TrackPointExtension>
            <ns3:atemp>28.0</ns3:atemp>
            <ns3:hr>120</ns3:hr>
          </ns3:TrackPointExtension>
        </extensions>
      </trkpt>
      <trkpt lat="-38.14536952413618564605712890625" lon="145.40105737745761871337890625">
        <ele>51.200000762939453125</ele>
        <time>2026-03-31T08:16:34.000Z</time>
        <extensions>
          <ns3:TrackPointExtension>
            <ns3:atemp>28.0</ns3:atemp>
            <ns3:hr>120</ns3:hr>
          </ns3:TrackPointExtension>
        </extensions>
      </trkpt>
      <trkpt lat="-38.1453126110136508941650390625" lon="145.40103835053741931915283203125">
        <ele>49.59999847412109375</ele>
        <time>2026-03-31T08:16:35.000Z</time>
        <extensions>
          <ns3:TrackPointExtension>
            <ns3:atemp>28.0</ns3:atemp>
            <ns3:hr>120</ns3:hr>
          </ns3:TrackPointExtension>
        </extensions>
      </trkpt>
      <trkpt lat="-38.14524672925472259521484375" lon="145.40102041326463222503662109375">
        <ele>48.200000762939453125</ele>
        <time>2026-03-31T08:16:36.000Z</time>
        <extensions>
          <ns3:TrackPointExtension>
            <ns3:atemp>28.0</ns3:atemp>
            <ns3:hr>120</ns3:hr>
          </ns3:TrackPointExtension>
        </extensions>
      </trkpt>
      <trkpt lat="-38.145177662372589111328125" lon="145.4010055772960186004638671875">
        <ele>46.59999847412109375</ele>
        <time>2026-03-31T08:16:37.000Z</time>
        <extensions>
          <ns3:TrackPointExtension>
            <ns3:atemp>28.0</ns3:atemp>
            <ns3:hr>120</ns3:hr>
          </ns3:TrackPointExtension>
        </extensions>
      </trkpt>
      <trkpt lat="-38.145107924938201904296875" lon="145.400990657508373260498046875">
        <ele>44.799999237060546875</ele>
        <time>2026-03-31T08:16:38.000Z</time>
        <extensions>
          <ns3:TrackPointExtension>
            <ns3:atemp>28.0</ns3:atemp>
            <ns3:hr>120</ns3:hr>
          </ns3:TrackPointExtension>
        </extensions>
      </trkpt>
      <trkpt lat="-38.14504497684538364410400390625" lon="145.40098370052874088287353515625">
        <ele>43.200000762939453125</ele>
        <time>2026-03-31T08:16:39.000Z</time>
        <extensions>
          <ns3:TrackPointExtension>
            <ns3:atemp>28.0</ns3:atemp>
            <ns3:hr>119</ns3:hr>
          </ns3:TrackPointExtension>
        </extensions>
      </trkpt>
      <trkpt lat="-38.1449847109615802764892578125" lon="145.4009727202355861663818359375">
        <ele>41.799999237060546875</ele>
        <time>2026-03-31T08:16:40.000Z</time>
        <extensions>
          <ns3:TrackPointExtension>
            <ns3:atemp>28.0</ns3:atemp>
            <ns3:hr>119</ns3:hr>
          </ns3:TrackPointExtension>
        </extensions>
      </trkpt>
      <trkpt lat="-38.14492209814488887786865234375" lon="145.40094874799251556396484375">
        <ele>40.40000152587890625</ele>
        <time>2026-03-31T08:16:41.000Z</time>
        <extensions>
          <ns3:TrackPointExtension>
            <ns3:atemp>28.0</ns3:atemp>
            <ns3:hr>119</ns3:hr>
          </ns3:TrackPointExtension>
        </extensions>
      </trkpt>
      <trkpt lat="-38.14479251392185688018798828125" lon="145.4009049944579601287841796875">
        <ele>39</ele>
        <time>2026-03-31T08:16:43.000Z</time>
        <extensions>
          <ns3:TrackPointExtension>
            <ns3:atemp>28.0</ns3:atemp>
            <ns3:hr>118</ns3:hr>
          </ns3:TrackPointExtension>
        </extensions>
      </trkpt>
      <trkpt lat="-38.14451004378497600555419921875" lon="145.40084321983158588409423828125">
        <ele>38</ele>
        <time>2026-03-31T08:16:47.000Z</time>
        <extensions>
          <ns3:TrackPointExtension>
            <ns3:atemp>28.0</ns3:atemp>
            <ns3:hr>116</ns3:hr>
          </ns3:TrackPointExtension>
        </extensions>
      </trkpt>
      <trkpt lat="-38.144370652735233306884765625" lon="145.4008124582469463348388671875">
        <ele>37.40000152587890625</ele>
        <time>2026-03-31T08:16:49.000Z</time>
        <extensions>
          <ns3:TrackPointExtension>
            <ns3:atemp>28.0</ns3:atemp>
            <ns3:hr>118</ns3:hr>
          </ns3:TrackPointExtension>
        </extensions>
      </trkpt>
      <trkpt lat="-38.14422589726746082305908203125" lon="145.40078119374811649322509765625">
        <ele>36.799999237060546875</ele>
        <time>2026-03-31T08:16:51.000Z</time>
        <extensions>
          <ns3:TrackPointExtension>
            <ns3:atemp>28.0</ns3:atemp>
            <ns3:hr>120</ns3:hr>
          </ns3:TrackPointExtension>
        </extensions>
      </trkpt>
      <trkpt lat="-38.14393655396997928619384765625" lon="145.40074012242257595062255859375">
        <ele>35</ele>
        <time>2026-03-31T08:16:55.000Z</time>
        <extensions>
          <ns3:TrackPointExtension>
            <ns3:atemp>28.0</ns3:atemp>
            <ns3:hr>121</ns3:hr>
          </ns3:TrackPointExtension>
        </extensions>
      </trkpt>
      <trkpt lat="-38.1438689120113849639892578125" lon="145.40074397809803485870361328125">
        <ele>34.799999237060546875</ele>
        <time>2026-03-31T08:16:56.000Z</time>
        <extensions>
          <ns3:TrackPointExtension>
            <ns3:atemp>28.0</ns3:atemp>
            <ns3:hr>120</ns3:hr>
          </ns3:TrackPointExtension>
        </extensions>
      </trkpt>
      <trkpt lat="-38.1437619589269161224365234375" lon="145.40081321261823177337646484375">
        <ele>34.799999237060546875</ele>
        <time>2026-03-31T08:16:58.000Z</time>
        <extensions>
          <ns3:TrackPointExtension>
            <ns3:atemp>28.0</ns3:atemp>
            <ns3:hr>116</ns3:hr>
          </ns3:TrackPointExtension>
        </extensions>
      </trkpt>
      <trkpt lat="-38.14372885040938854217529296875" lon="145.4008728079497814178466796875">
        <ele>35</ele>
        <time>2026-03-31T08:16:59.000Z</time>
        <extensions>
          <ns3:TrackPointExtension>
            <ns3:atemp>28.0</ns3:atemp>
            <ns3:hr>111</ns3:hr>
          </ns3:TrackPointExtension>
        </extensions>
      </trkpt>
      <trkpt lat="-38.14370638690888881683349609375" lon="145.40095813572406768798828125">
        <ele>34.799999237060546875</ele>
        <time>2026-03-31T08:17:00.000Z</time>
        <extensions>
          <ns3:TrackPointExtension>
            <ns3:atemp>28.0</ns3:atemp>
            <ns3:hr>108</ns3:hr>
          </ns3:TrackPointExtension>
        </extensions>
      </trkpt>
      <trkpt lat="-38.14369783736765384674072265625" lon="145.40103751234710216522216796875">
        <ele>34.59999847412109375</ele>
        <time>2026-03-31T08:17:01.000Z</time>
        <extensions>
          <ns3:TrackPointExtension>
            <ns3:atemp>28.0</ns3:atemp>
            <ns3:hr>107</ns3:hr>
          </ns3:TrackPointExtension>
        </extensions>
      </trkpt>
      <trkpt lat="-38.1437002681195735931396484375" lon="145.40112200193107128143310546875">
        <ele>34.40000152587890625</ele>
        <time>2026-03-31T08:17:02.000Z</time>
        <extensions>
          <ns3:TrackPointExtension>
            <ns3:atemp>28.0</ns3:atemp>
            <ns3:hr>106</ns3:hr>
          </ns3:TrackPointExtension>
        </extensions>
      </trkpt>
      <trkpt lat="-38.1437294371426105499267578125" lon="145.40127572603523731231689453125">
        <ele>34.200000762939453125</ele>
        <time>2026-03-31T08:17:04.000Z</time>
        <extensions>
          <ns3:TrackPointExtension>
            <ns3:atemp>28.0</ns3:atemp>
            <ns3:hr>106</ns3:hr>
          </ns3:TrackPointExtension>
        </extensions>
      </trkpt>
      <trkpt lat="-38.14375952817499637603759765625" lon="145.4013530910015106201171875">
        <ele>34.200000762939453125</ele>
        <time>2026-03-31T08:17:05.000Z</time>
        <extensions>
          <ns3:TrackPointExtension>
            <ns3:atemp>28.0</ns3:atemp>
            <ns3:hr>106</ns3:hr>
          </ns3:TrackPointExtension>
        </extensions>
      </trkpt>
      <trkpt lat="-38.14380294643342494964599609375" lon="145.4014323838055133819580078125">
        <ele>34.59999847412109375</ele>
        <time>2026-03-31T08:17:06.000Z</time>
        <extensions>
          <ns3:TrackPointExtension>
            <ns3:atemp>28.0</ns3:atemp>
            <ns3:hr>106</ns3:hr>
          </ns3:TrackPointExtension>
        </extensions>
      </trkpt>
      <trkpt lat="-38.1439205445349216461181640625" lon="145.40154679678380489349365234375">
        <ele>34.799999237060546875</ele>
        <time>2026-03-31T08:17:08.000Z</time>
        <extensions>
          <ns3:TrackPointExtension>
            <ns3:atemp>28.0</ns3:atemp>
            <ns3:hr>108</ns3:hr>
          </ns3:TrackPointExtension>
        </extensions>
      </trkpt>
      <trkpt lat="-38.144054822623729705810546875" lon="145.401628352701663970947265625">
        <ele>34.59999847412109375</ele>
        <time>2026-03-31T08:17:10.000Z</time>
        <extensions>
          <ns3:TrackPointExtension>
            <ns3:atemp>28.0</ns3:atemp>
            <ns3:hr>108</ns3:hr>
          </ns3:TrackPointExtension>
        </extensions>
      </trkpt>
      <trkpt lat="-38.1442142464220523834228515625" lon="145.40171183645725250244140625">
        <ele>34.200000762939453125</ele>
        <time>2026-03-31T08:17:12.000Z</time>
        <extensions>
          <ns3:TrackPointExtension>
            <ns3:atemp>28.0</ns3:atemp>
            <ns3:hr>110</ns3:hr>
          </ns3:TrackPointExtension>
        </extensions>
      </trkpt>
      <trkpt lat="-38.14429814927279949188232421875" lon="145.40174963884055614471435546875">
        <ele>33.799999237060546875</ele>
        <time>2026-03-31T08:17:13.000Z</time>
        <extensions>
          <ns3:TrackPointExtension>
            <ns3:atemp>28.0</ns3:atemp>
            <ns3:hr>110</ns3:hr>
          </ns3:TrackPointExtension>
        </extensions>
      </trkpt>
      <trkpt lat="-38.1443823873996734619140625" lon="145.40177880786359310150146484375">
        <ele>33.200000762939453125</ele>
        <time>2026-03-31T08:17:14.000Z</time>
        <extensions>
          <ns3:TrackPointExtension>
            <ns3:atemp>28.0</ns3:atemp>
            <ns3:hr>108</ns3:hr>
          </ns3:TrackPointExtension>
        </extensions>
      </trkpt>
      <trkpt lat="-38.14446914009749889373779296875" lon="145.40179490111768245697021484375">
        <ele>32.799999237060546875</ele>
        <time>2026-03-31T08:17:15.000Z</time>
        <extensions>
          <ns3:TrackPointExtension>
            <ns3:atemp>28.0</ns3:atemp>
            <ns3:hr>104</ns3:hr>
          </ns3:TrackPointExtension>
        </extensions>
      </trkpt>
      <trkpt lat="-38.14456217922270298004150390625" lon="145.40179640986025333404541015625">
        <ele>32</ele>
        <time>2026-03-31T08:17:16.000Z</time>
        <extensions>
          <ns3:TrackPointExtension>
            <ns3:atemp>28.0</ns3:atemp>
            <ns3:hr>99</ns3:hr>
          </ns3:TrackPointExtension>
        </extensions>
      </trkpt>
      <trkpt lat="-38.14474574290215969085693359375" lon="145.40177897550165653228759765625">
        <ele>30.799999237060546875</ele>
        <time>2026-03-31T08:17:18.000Z</time>
        <extensions>
          <ns3:TrackPointExtension>
            <ns3:atemp>28.0</ns3:atemp>
            <ns3:hr>95</ns3:hr>
          </ns3:TrackPointExtension>
        </extensions>
      </trkpt>
      <trkpt lat="-38.14484305679798126220703125" lon="145.4017173685133457183837890625">
        <ele>30.6000003814697265625</ele>
        <time>2026-03-31T08:17:19.000Z</time>
        <extensions>
          <ns3:TrackPointExtension>
            <ns3:atemp>28.0</ns3:atemp>
            <ns3:hr>94</ns3:hr>
          </ns3:TrackPointExtension>
        </extensions>
      </trkpt>
      <trkpt lat="-38.14492293633520603179931640625" lon="145.4016295261681079864501953125">
        <ele>30.3999996185302734375</ele>
        <time>2026-03-31T08:17:20.000Z</time>
        <extensions>
          <ns3:TrackPointExtension>
            <ns3:atemp>28.0</ns3:atemp>
            <ns3:hr>93</ns3:hr>
          </ns3:TrackPointExtension>
        </extensions>
      </trkpt>
      <trkpt lat="-38.14497456885874271392822265625" lon="145.40150463581085205078125">
        <ele>30.3999996185302734375</ele>
        <time>2026-03-31T08:17:21.000Z</time>
        <extensions>
          <ns3:TrackPointExtension>
            <ns3:atemp>28.0</ns3:atemp>
            <ns3:hr>93</ns3:hr>
          </ns3:TrackPointExtension>
        </extensions>
      </trkpt>
      <trkpt lat="-38.1450038217008113861083984375" lon="145.401366166770458221435546875">
        <ele>30.200000762939453125</ele>
        <time>2026-03-31T08:17:22.000Z</time>
        <extensions>
          <ns3:TrackPointExtension>
            <ns3:atemp>28.0</ns3:atemp>
            <ns3:hr>93</ns3:hr>
          </ns3:TrackPointExtension>
        </extensions>
      </trkpt>
      <trkpt lat="-38.1449934281408786773681640625" lon="145.40124270133674144744873046875">
        <ele>30</ele>
        <time>2026-03-31T08:17:23.000Z</time>
        <extensions>
          <ns3:TrackPointExtension>
            <ns3:atemp>28.0</ns3:atemp>
            <ns3:hr>92</ns3:hr>
          </ns3:TrackPointExtension>
        </extensions>
      </trkpt>
      <trkpt lat="-38.1449434719979763031005859375" lon="145.40114664472639560699462890625">
        <ele>29.200000762939453125</ele>
        <time>2026-03-31T08:17:24.000Z</time>
        <extensions>
          <ns3:TrackPointExtension>
            <ns3:atemp>28.0</ns3:atemp>
            <ns3:hr>92</ns3:hr>
          </ns3:TrackPointExtension>
        </extensions>
      </trkpt>
      <trkpt lat="-38.14488220028579235076904296875" lon="145.4010642506182193756103515625">
        <ele>28</ele>
        <time>2026-03-31T08:17:25.000Z</time>
        <extensions>
          <ns3:TrackPointExtension>
            <ns3:atemp>28.0</ns3:atemp>
            <ns3:hr>92</ns3:hr>
          </ns3:TrackPointExtension>
        </extensions>
      </trkpt>
      <trkpt lat="-38.14481933601200580596923828125" lon="145.4010119475424289703369140625">
        <ele>26.799999237060546875</ele>
        <time>2026-03-31T08:17:26.000Z</time>
        <extensions>
          <ns3:TrackPointExtension>
            <ns3:atemp>28.0</ns3:atemp>
            <ns3:hr>94</ns3:hr>
          </ns3:TrackPointExtension>
        </extensions>
      </trkpt>
      <trkpt lat="-38.1447520293295383453369140625" lon="145.40097380988299846649169921875">
        <ele>25.799999237060546875</ele>
        <time>2026-03-31T08:17:27.000Z</time>
        <extensions>
          <ns3:TrackPointExtension>
            <ns3:atemp>28.0</ns3:atemp>
            <ns3:hr>94</ns3:hr>
          </ns3:TrackPointExtension>
        </extensions>
      </trkpt>
      <trkpt lat="-38.14469595439732074737548828125" lon="145.40094329975545406341552734375">
        <ele>24.6000003814697265625</ele>
        <time>2026-03-31T08:17:28.000Z</time>
        <extensions>
          <ns3:TrackPointExtension>
            <ns3:atemp>28.0</ns3:atemp>
            <ns3:hr>95</ns3:hr>
          </ns3:TrackPointExtension>
        </extensions>
      </trkpt>
      <trkpt lat="-38.14462604932487010955810546875" lon="145.400920249521732330322265625">
        <ele>23.200000762939453125</ele>
        <time>2026-03-31T08:17:29.000Z</time>
        <extensions>
          <ns3:TrackPointExtension>
            <ns3:atemp>28.0</ns3:atemp>
            <ns3:hr>94</ns3:hr>
          </ns3:TrackPointExtension>
        </extensions>
      </trkpt>
      <trkpt lat="-38.14455295912921428680419921875" lon="145.40090256370604038238525390625">
        <ele>21.799999237060546875</ele>
        <time>2026-03-31T08:17:30.000Z</time>
        <extensions>
          <ns3:TrackPointExtension>
            <ns3:atemp>28.0</ns3:atemp>
            <ns3:hr>94</ns3:hr>
          </ns3:TrackPointExtension>
        </extensions>
      </trkpt>
      <trkpt lat="-38.14448338933289051055908203125" lon="145.400898121297359466552734375">
        <ele>20.200000762939453125</ele>
        <time>2026-03-31T08:17:31.000Z</time>
        <extensions>
          <ns3:TrackPointExtension>
            <ns3:atemp>28.0</ns3:atemp>
            <ns3:hr>95</ns3:hr>
          </ns3:TrackPointExtension>
        </extensions>
      </trkpt>
      <trkpt lat="-38.1444020010530948638916015625" lon="145.40088663809001445770263671875">
        <ele>18.200000762939453125</ele>
        <time>2026-03-31T08:17:32.000Z</time>
        <extensions>
          <ns3:TrackPointExtension>
            <ns3:atemp>28.0</ns3:atemp>
            <ns3:hr>94</ns3:hr>
          </ns3:TrackPointExtension>
        </extensions>
      </trkpt>
      <trkpt lat="-38.14432128332555294036865234375" lon="145.40087725035846233367919921875">
        <ele>16.200000762939453125</ele>
        <time>2026-03-31T08:17:33.000Z</time>
        <extensions>
          <ns3:TrackPointExtension>
            <ns3:atemp>28.0</ns3:atemp>
            <ns3:hr>94</ns3:hr>
          </ns3:TrackPointExtension>
        </extensions>
      </trkpt>
      <trkpt lat="-38.14424919895827770233154296875" lon="145.40085889399051666259765625">
        <ele>14.19999980926513671875</ele>
        <time>2026-03-31T08:17:34.000Z</time>
        <extensions>
          <ns3:TrackPointExtension>
            <ns3:atemp>28.0</ns3:atemp>
            <ns3:hr>95</ns3:hr>
          </ns3:TrackPointExtension>
        </extensions>
      </trkpt>
      <trkpt lat="-38.14416219480335712432861328125" lon="145.400846488773822784423828125">
        <ele>12.3999996185302734375</ele>
        <time>2026-03-31T08:17:35.000Z</time>
        <extensions>
          <ns3:TrackPointExtension>
            <ns3:atemp>28.0</ns3:atemp>
            <ns3:hr>97</ns3:hr>
          </ns3:TrackPointExtension>
        </extensions>
      </trkpt>
      <trkpt lat="-38.1441007554531097412109375" lon="145.40085042826831340789794921875">
        <ele>10.6000003814697265625</ele>
        <time>2026-03-31T08:17:36.000Z</time>
        <extensions>
          <ns3:TrackPointExtension>
            <ns3:atemp>28.0</ns3:atemp>
            <ns3:hr>97</ns3:hr>
          </ns3:TrackPointExtension>
        </extensions>
      </trkpt>
      <trkpt lat="-38.14402632415294647216796875" lon="145.4008543677628040313720703125">
        <ele>9.19999980926513671875</ele>
        <time>2026-03-31T08:17:37.000Z</time>
        <extensions>
          <ns3:TrackPointExtension>
            <ns3:atemp>28.0</ns3:atemp>
            <ns3:hr>98</ns3:hr>
          </ns3:TrackPointExtension>
        </extensions>
      </trkpt>
      <trkpt lat="-38.1439822353422641754150390625" lon="145.40084774605929851531982421875">
        <ele>8</ele>
        <time>2026-03-31T08:17:38.000Z</time>
        <extensions>
          <ns3:TrackPointExtension>
            <ns3:atemp>28.0</ns3:atemp>
            <ns3:hr>98</ns3:hr>
          </ns3:TrackPointExtension>
        </extensions>
      </trkpt>
      <trkpt lat="-38.1439285911619663238525390625" lon="145.400831401348114013671875">
        <ele>6.400000095367431640625</ele>
        <time>2026-03-31T08:17:40.000Z</time>
        <extensions>
          <ns3:TrackPointExtension>
            <ns3:atemp>28.0</ns3:atemp>
            <ns3:hr>98</ns3:hr>
          </ns3:TrackPointExtension>
        </extensions>
      </trkpt>
      <trkpt lat="-38.1438942253589630126953125" lon="145.40079452097415924072265625">
        <ele>5.80000019073486328125</ele>
        <time>2026-03-31T08:17:43.000Z</time>
        <extensions>
          <ns3:TrackPointExtension>
            <ns3:atemp>28.0</ns3:atemp>
            <ns3:hr>100</ns3:hr>
          </ns3:TrackPointExtension>
        </extensions>
      </trkpt>
      <trkpt lat="-38.1439047865569591522216796875" lon="145.40080131031572818756103515625">
        <ele>5.80000019073486328125</ele>
        <time>2026-03-31T08:17:45.000Z</time>
        <extensions>
          <ns3:TrackPointExtension>
            <ns3:atemp>28.0</ns3:atemp>
            <ns3:hr>103</ns3:hr>
          </ns3:TrackPointExtension>
        </extensions>
      </trkpt>
      <trkpt lat="-38.1438950635492801666259765625" lon="145.400798209011554718017578125">
        <ele>5.80000019073486328125</ele>
        <time>2026-03-31T08:17:47.000Z</time>
        <extensions>
          <ns3:TrackPointExtension>
            <ns3:atemp>28.0</ns3:atemp>
            <ns3:hr>104</ns3:hr>
          </ns3:TrackPointExtension>
        </extensions>
      </trkpt>
      <trkpt lat="-38.14389045350253582000732421875" lon="145.4007896594703197479248046875">
        <ele>5.80000019073486328125</ele>
        <time>2026-03-31T08:17:49.000Z</time>
        <extensions>
          <ns3:TrackPointExtension>
            <ns3:atemp>28.0</ns3:atemp>
            <ns3:hr>102</ns3:hr>
          </ns3:TrackPointExtension>
        </extensions>
      </trkpt>
    </trkseg>
  </trk>
</gpx>
